,ML,Low_90,High_90,state
2020-03-10,0.0,0.0,10.81,Delhi
2020-03-11,2.56,0.0,6.3100000000000005,Delhi
2020-03-12,2.4,0.0,4.96,Delhi
2020-03-13,2.27,0.09,4.3500000000000005,Delhi
2020-03-14,1.88,0.01,3.63,Delhi
2020-03-15,1.65,0.03,3.26,Delhi
2020-03-16,1.49,0.04,3.01,Delhi
2020-03-17,1.57,0.06,2.97,Delhi
2020-03-18,1.76,0.17,3.09,Delhi
2020-03-19,1.86,0.31,3.15,Delhi
2020-03-20,2.21,0.71,3.46,Delhi
2020-03-21,2.67,1.35,3.81,Delhi
2020-03-22,2.42,1.24,3.45,Delhi
2020-03-23,2.06,1.0,3.0500000000000003,Delhi
2020-03-24,1.88,0.86,2.81,Delhi
2020-03-25,1.74,0.76,2.64,Delhi
2020-03-26,1.8,0.84,2.66,Delhi
2020-03-27,1.62,0.67,2.44,Delhi
2020-03-28,1.61,0.68,2.41,Delhi
2020-03-29,1.84,0.96,2.63,Delhi
2020-03-30,2.86,2.04,3.58,Delhi
2020-03-31,2.45,1.74,3.12,Delhi
2020-04-01,3.14,2.46,3.71,Delhi
2020-04-02,3.33,2.74,3.83,Delhi
2020-04-03,2.26,1.72,2.72,Delhi
2020-04-04,4.28,3.82,4.7,Delhi
2020-04-05,2.83,2.42,3.18,Delhi
2020-04-06,1.95,1.54,2.28,Delhi
2020-04-07,1.79,1.39,2.12,Delhi
2020-04-08,1.34,0.94,1.66,Delhi
2020-04-09,1.76,1.39,2.09,Delhi
2020-04-10,2.61,2.27,2.91,Delhi
2020-04-11,1.57,1.24,1.85,Delhi
2020-04-12,1.98,1.66,2.25,Delhi
2020-04-13,1.67,1.38,1.94,Delhi
2020-04-14,2.56,2.28,2.8000000000000003,Delhi
2020-04-15,1.58,1.3,1.8,Delhi
2020-04-16,1.21,0.93,1.43,Delhi
2020-04-17,1.25,1.0,1.49,Delhi
2020-04-18,1.27,1.0,1.49,Delhi
2020-04-19,1.62,1.36,1.83,Delhi
2020-04-20,1.45,1.19,1.65,Delhi
2020-04-21,1.31,1.06,1.51,Delhi
2020-04-22,1.26,1.03,1.47,Delhi
2020-04-23,1.29,1.04,1.48,Delhi
2020-04-24,1.37,1.12,1.55,Delhi
2020-04-25,1.39,1.15,1.57,Delhi
2020-04-26,1.32,1.09,1.5,Delhi
2020-04-27,1.67,1.46,1.85,Delhi
2020-04-28,1.48,1.27,1.65,Delhi
2020-04-29,1.45,1.25,1.62,Delhi
2020-04-30,1.29,1.1,1.46,Delhi
2020-05-01,1.17,0.98,1.34,Delhi
2020-05-02,1.39,1.2,1.55,Delhi
2020-05-03,1.64,1.45,1.79,Delhi
2020-05-04,1.68,1.51,1.83,Delhi
2020-03-10,0.0,0.0,10.81,Haryana
2020-03-11,0.47,0.0,3.5,Haryana
2020-03-12,0.66,0.0,2.76,Haryana
2020-03-13,0.8200000000000001,0.0,2.44,Haryana
2020-03-14,0.87,0.0,2.25,Haryana
2020-03-15,0.89,0.0,2.13,Haryana
2020-03-16,0.89,0.0,2.05,Haryana
2020-03-17,1.0,0.0,2.06,Haryana
2020-03-18,1.17,0.09,2.2,Haryana
2020-03-19,1.12,0.05,2.09,Haryana
2020-03-20,1.09,0.05,2.03,Haryana
2020-03-21,1.06,0.03,1.97,Haryana
2020-03-22,1.31,0.18,2.24,Haryana
2020-03-23,1.55,0.42,2.5,Haryana
2020-03-24,1.54,0.47,2.47,Haryana
2020-03-25,1.42,0.37,2.3000000000000003,Haryana
2020-03-26,1.43,0.4,2.29,Haryana
2020-03-27,1.34,0.34,2.18,Haryana
2020-03-28,1.4,0.42,2.24,Haryana
2020-03-29,1.32,0.35000000000000003,2.13,Haryana
2020-03-30,1.37,0.44,2.2,Haryana
2020-03-31,1.45,0.54,2.27,Haryana
2020-04-01,1.46,0.5700000000000001,2.26,Haryana
2020-04-02,1.35,0.51,2.16,Haryana
2020-04-03,1.48,0.61,2.24,Haryana
2020-04-04,1.37,0.53,2.12,Haryana
2020-04-05,1.6,0.76,2.32,Haryana
2020-04-06,2.17,1.4,2.87,Haryana
2020-04-07,1.94,1.2,2.58,Haryana
2020-04-08,2.9,2.21,3.48,Haryana
2020-04-09,2.5,1.89,3.03,Haryana
2020-04-10,1.89,1.33,2.41,Haryana
2020-04-11,1.67,1.13,2.19,Haryana
2020-04-12,1.53,0.97,2.02,Haryana
2020-04-13,1.32,0.79,1.83,Haryana
2020-04-14,1.4,0.8300000000000001,1.87,Haryana
2020-04-15,1.24,0.68,1.71,Haryana
2020-04-16,1.22,0.68,1.7,Haryana
2020-04-17,1.13,0.58,1.6,Haryana
2020-04-18,1.35,0.8,1.81,Haryana
2020-04-19,1.3,0.77,1.76,Haryana
2020-04-20,1.17,0.64,1.62,Haryana
2020-04-21,1.36,0.8300000000000001,1.8,Haryana
2020-04-22,1.2,0.7000000000000001,1.65,Haryana
2020-04-23,1.21,0.6900000000000001,1.64,Haryana
2020-04-24,1.23,0.72,1.66,Haryana
2020-04-25,1.13,0.63,1.56,Haryana
2020-04-26,1.26,0.78,1.7,Haryana
2020-04-27,1.14,0.67,1.58,Haryana
2020-04-28,1.15,0.66,1.57,Haryana
2020-04-29,1.23,0.75,1.65,Haryana
2020-04-30,1.12,0.66,1.55,Haryana
2020-05-01,1.1,0.62,1.51,Haryana
2020-05-02,1.53,1.07,1.94,Haryana
2020-05-03,1.58,1.13,1.97,Haryana
2020-05-04,1.7,1.26,2.07,Haryana
2020-03-10,0.0,0.0,10.81,Karnataka
2020-03-11,11.57,4.36,12.0,Karnataka
2020-03-12,4.28,0.32,7.29,Karnataka
2020-03-13,4.09,0.94,6.76,Karnataka
2020-03-14,2.99,0.42,5.11,Karnataka
2020-03-15,2.46,0.27,4.3100000000000005,Karnataka
2020-03-16,2.15,0.14,3.77,Karnataka
2020-03-17,2.86,0.9,4.5200000000000005,Karnataka
2020-03-18,2.4,0.65,3.88,Karnataka
2020-03-19,2.46,0.9,3.87,Karnataka
2020-03-20,2.24,0.76,3.5,Karnataka
2020-03-21,1.99,0.63,3.19,Karnataka
2020-03-22,2.64,1.38,3.74,Karnataka
2020-03-23,2.65,1.53,3.65,Karnataka
2020-03-24,2.41,1.39,3.33,Karnataka
2020-03-25,2.23,1.28,3.09,Karnataka
2020-03-26,2.46,1.56,3.25,Karnataka
2020-03-27,2.04,1.2,2.79,Karnataka
2020-03-28,1.77,0.95,2.49,Karnataka
2020-03-29,2.19,1.41,2.89,Karnataka
2020-03-30,2.01,1.27,2.67,Karnataka
2020-03-31,1.7,1.01,2.36,Karnataka
2020-04-01,1.91,1.2,2.52,Karnataka
2020-04-02,1.81,1.12,2.39,Karnataka
2020-04-03,1.82,1.18,2.4,Karnataka
2020-04-04,1.61,0.97,2.16,Karnataka
2020-04-05,1.68,1.07,2.23,Karnataka
2020-04-06,1.55,0.95,2.08,Karnataka
2020-04-07,1.74,1.15,2.25,Karnataka
2020-04-08,1.45,0.88,1.95,Karnataka
2020-04-09,1.37,0.8,1.86,Karnataka
2020-04-10,1.45,0.88,1.93,Karnataka
2020-04-11,1.51,0.96,1.98,Karnataka
2020-04-12,1.45,0.91,1.91,Karnataka
2020-04-13,1.53,0.99,1.97,Karnataka
2020-04-14,1.43,0.93,1.88,Karnataka
2020-04-15,1.46,0.94,1.88,Karnataka
2020-04-16,1.67,1.17,2.08,Karnataka
2020-04-17,1.73,1.27,2.14,Karnataka
2020-04-18,1.54,1.07,1.92,Karnataka
2020-04-19,1.39,0.95,1.78,Karnataka
2020-04-20,1.29,0.87,1.69,Karnataka
2020-04-21,1.32,0.87,1.69,Karnataka
2020-04-22,1.24,0.8,1.61,Karnataka
2020-04-23,1.27,0.8300000000000001,1.63,Karnataka
2020-04-24,1.29,0.86,1.65,Karnataka
2020-04-25,1.34,0.94,1.71,Karnataka
2020-04-26,1.25,0.84,1.6,Karnataka
2020-04-27,1.19,0.77,1.53,Karnataka
2020-04-28,1.15,0.76,1.51,Karnataka
2020-04-29,1.16,0.75,1.5,Karnataka
2020-04-30,1.25,0.85,1.59,Karnataka
2020-05-01,1.24,0.84,1.57,Karnataka
2020-05-02,1.25,0.86,1.58,Karnataka
2020-05-03,1.16,0.79,1.5,Karnataka
2020-05-04,1.3,0.94,1.64,Karnataka
2020-03-10,0.0,0.0,10.81,Kerala
2020-03-11,5.45,2.4,8.0,Kerala
2020-03-12,2.86,0.77,4.62,Kerala
2020-03-13,2.44,0.75,3.91,Kerala
2020-03-14,2.0,0.54,3.28,Kerala
2020-03-15,2.0,0.65,3.16,Kerala
2020-03-16,1.83,0.61,2.92,Kerala
2020-03-17,1.84,0.6900000000000001,2.86,Kerala
2020-03-18,1.71,0.6,2.66,Kerala
2020-03-19,1.56,0.48,2.46,Kerala
2020-03-20,1.5,0.47,2.39,Kerala
2020-03-21,1.94,0.96,2.81,Kerala
2020-03-22,2.19,1.29,3.01,Kerala
2020-03-23,2.37,1.53,3.12,Kerala
2020-03-24,2.74,1.96,3.41,Kerala
2020-03-25,2.45,1.75,3.0700000000000003,Kerala
2020-03-26,2.13,1.49,2.73,Kerala
2020-03-27,2.1,1.46,2.65,Kerala
2020-03-28,2.36,1.78,2.9,Kerala
2020-03-29,1.9,1.31,2.38,Kerala
2020-03-30,1.83,1.26,2.3000000000000003,Kerala
2020-03-31,1.91,1.38,2.38,Kerala
2020-04-01,1.6,1.08,2.05,Kerala
2020-04-02,1.63,1.12,2.07,Kerala
2020-04-03,1.58,1.08,2.01,Kerala
2020-04-04,1.41,0.92,1.83,Kerala
2020-04-05,1.34,0.85,1.75,Kerala
2020-04-06,1.26,0.79,1.68,Kerala
2020-04-07,1.27,0.81,1.69,Kerala
2020-04-08,1.23,0.78,1.65,Kerala
2020-04-09,1.21,0.73,1.6,Kerala
2020-04-10,1.22,0.75,1.61,Kerala
2020-04-11,1.18,0.72,1.57,Kerala
2020-04-12,1.18,0.74,1.58,Kerala
2020-04-13,1.11,0.66,1.5,Kerala
2020-04-14,1.08,0.62,1.46,Kerala
2020-04-15,1.11,0.68,1.51,Kerala
2020-04-16,1.07,0.62,1.45,Kerala
2020-04-17,1.09,0.64,1.47,Kerala
2020-04-18,1.06,0.64,1.46,Kerala
2020-04-19,1.06,0.63,1.45,Kerala
2020-04-20,1.05,0.61,1.43,Kerala
2020-04-21,1.08,0.63,1.45,Kerala
2020-04-22,1.2,0.77,1.58,Kerala
2020-04-23,1.19,0.76,1.56,Kerala
2020-04-24,1.17,0.76,1.55,Kerala
2020-04-25,1.11,0.68,1.47,Kerala
2020-04-26,1.11,0.67,1.46,Kerala
2020-04-27,1.14,0.72,1.5,Kerala
2020-04-28,1.17,0.77,1.54,Kerala
2020-04-29,1.11,0.6900000000000001,1.46,Kerala
2020-04-30,1.13,0.7000000000000001,1.47,Kerala
2020-05-01,1.06,0.67,1.43,Kerala
2020-05-02,1.04,0.64,1.4,Kerala
2020-05-03,1.03,0.63,1.39,Kerala
2020-05-04,1.01,0.61,1.37,Kerala
2020-03-10 00:00:00,0.0,0.0,10.81,Maharashtra
2020-03-11 00:00:00,0.4,0.0,7.1000000000000005,Maharashtra
2020-03-12 00:00:00,9.27,6.21,11.85,Maharashtra
2020-03-13 00:00:00,5.1000000000000005,2.66,7.13,Maharashtra
2020-03-14 00:00:00,3.39,1.43,5.0600000000000005,Maharashtra
2020-03-15 00:00:00,4.74,3.24,6.0200000000000005,Maharashtra
2020-03-16 00:00:00,3.27,2.04,4.37,Maharashtra
2020-03-17 00:00:00,2.99,1.89,3.94,Maharashtra
2020-03-18 00:00:00,2.5500000000000003,1.57,3.43,Maharashtra
2020-03-19 00:00:00,2.34,1.44,3.17,Maharashtra
2020-03-20 00:00:00,2.16,1.29,2.93,Maharashtra
2020-03-21 00:00:00,2.21,1.42,2.97,Maharashtra
2020-03-22 00:00:00,1.99,1.21,2.69,Maharashtra
2020-03-23 00:00:00,1.9,1.15,2.58,Maharashtra
2020-03-24 00:00:00,2.02,1.27,2.65,Maharashtra
2020-03-25 00:00:00,2.57,1.87,3.16,Maharashtra
2020-03-26 00:00:00,1.9,1.28,2.48,Maharashtra
2020-03-27 00:00:00,1.7,1.07,2.25,Maharashtra
2020-03-28 00:00:00,2.32,1.71,2.84,Maharashtra
2020-03-29 00:00:00,1.86,1.31,2.37,Maharashtra
2020-03-30 00:00:00,1.69,1.12,2.16,Maharashtra
2020-03-31 00:00:00,1.66,1.13,2.14,Maharashtra
2020-04-01 00:00:00,2.45,1.93,2.89,Maharashtra
2020-04-02 00:00:00,2.08,1.6,2.49,Maharashtra
2020-04-03 00:00:00,1.55,1.1,1.96,Maharashtra
2020-04-04 00:00:00,2.7,2.28,3.09,Maharashtra
2020-04-05 00:00:00,1.74,1.32,2.08,Maharashtra
2020-04-06 00:00:00,3.12,2.74,3.44,Maharashtra
2020-04-07 00:00:00,2.4,2.06,2.69,Maharashtra
2020-04-08 00:00:00,2.21,1.9,2.49,Maharashtra
2020-04-09 00:00:00,1.9,1.59,2.16,Maharashtra
2020-04-10 00:00:00,2.18,1.88,2.42,Maharashtra
2020-04-11 00:00:00,2.05,1.78,2.28,Maharashtra
2020-04-12 00:00:00,1.85,1.59,2.07,Maharashtra
2020-04-13 00:00:00,1.84,1.59,2.05,Maharashtra
2020-04-14 00:00:00,2.08,1.85,2.28,Maharashtra
2020-04-15 00:00:00,2.0,1.76,2.17,Maharashtra
2020-04-16 00:00:00,1.65,1.44,1.83,Maharashtra
2020-04-17 00:00:00,1.65,1.44,1.82,Maharashtra
2020-04-18 00:00:00,1.32,1.11,1.48,Maharashtra
2020-04-19 00:00:00,1.61,1.4,1.76,Maharashtra
2020-04-20 00:00:00,1.93,1.74,2.08,Maharashtra
2020-04-21 00:00:00,1.76,1.58,1.9,Maharashtra
2020-04-22 00:00:00,1.78,1.62,1.92,Maharashtra
2020-04-23 00:00:00,1.58,1.43,1.72,Maharashtra
2020-04-24 00:00:00,1.87,1.71,1.99,Maharashtra
2020-04-25 00:00:00,1.45,1.3,1.57,Maharashtra
2020-04-26 00:00:00,1.76,1.61,1.87,Maharashtra
2020-04-27 00:00:00,1.42,1.28,1.53,Maharashtra
2020-04-28 00:00:00,1.44,1.31,1.55,Maharashtra
2020-04-29 00:00:00,1.56,1.44,1.67,Maharashtra
2020-04-30 00:00:00,1.44,1.31,1.54,Maharashtra
2020-05-01 00:00:00,1.4,1.28,1.5,Maharashtra
2020-05-02 00:00:00,1.63,1.51,1.72,Maharashtra
2020-05-03 00:00:00,1.47,1.35,1.56,Maharashtra
2020-05-04 00:00:00,1.38,1.27,1.47,Maharashtra
2020-03-10 00:00:00,0.0,0.0,10.81,Punjab
2020-03-11 00:00:00,0.4,0.0,8.73,Punjab
2020-03-12 00:00:00,0.46,0.0,7.1000000000000005,Punjab
2020-03-13 00:00:00,0.51,0.0,6.15,Punjab
2020-03-14 00:00:00,0.55,0.0,5.55,Punjab
2020-03-15 00:00:00,0.58,0.0,5.11,Punjab
2020-03-16 00:00:00,0.6,0.0,4.79,Punjab
2020-03-17 00:00:00,0.62,0.0,4.53,Punjab
2020-03-18 00:00:00,0.64,0.0,4.33,Punjab
2020-03-19 00:00:00,1.52,0.0,4.59,Punjab
2020-03-20 00:00:00,1.36,0.0,4.23,Punjab
2020-03-21 00:00:00,5.8,3.26,8.06,Punjab
2020-03-22 00:00:00,5.07,3.19,6.68,Punjab
2020-03-23 00:00:00,3.44,1.94,4.83,Punjab
2020-03-24 00:00:00,3.38,2.08,4.54,Punjab
2020-03-25 00:00:00,2.66,1.5,3.7,Punjab
2020-03-26 00:00:00,2.46,1.4,3.42,Punjab
2020-03-27 00:00:00,2.1,1.12,3.02,Punjab
2020-03-28 00:00:00,2.07,1.14,2.95,Punjab
2020-03-29 00:00:00,1.82,0.89,2.64,Punjab
2020-03-30 00:00:00,1.64,0.73,2.44,Punjab
2020-03-31 00:00:00,1.62,0.73,2.41,Punjab
2020-04-01 00:00:00,1.52,0.66,2.31,Punjab
2020-04-02 00:00:00,1.54,0.67,2.3000000000000003,Punjab
2020-04-03 00:00:00,1.48,0.64,2.24,Punjab
2020-04-04 00:00:00,1.66,0.86,2.42,Punjab
2020-04-05 00:00:00,1.49,0.7000000000000001,2.22,Punjab
2020-04-06 00:00:00,1.92,1.15,2.62,Punjab
2020-04-07 00:00:00,2.03,1.29,2.68,Punjab
2020-04-08 00:00:00,1.7,0.99,2.32,Punjab
2020-04-09 00:00:00,1.71,1.05,2.34,Punjab
2020-04-10 00:00:00,2.12,1.45,2.69,Punjab
2020-04-11 00:00:00,1.71,1.08,2.26,Punjab
2020-04-12 00:00:00,1.79,1.17,2.32,Punjab
2020-04-13 00:00:00,1.76,1.16,2.27,Punjab
2020-04-14 00:00:00,1.6,1.02,2.1,Punjab
2020-04-15 00:00:00,1.52,0.95,2.01,Punjab
2020-04-16 00:00:00,1.31,0.74,1.79,Punjab
2020-04-17 00:00:00,1.19,0.66,1.7,Punjab
2020-04-18 00:00:00,1.34,0.78,1.82,Punjab
2020-04-19 00:00:00,1.44,0.92,1.93,Punjab
2020-04-20 00:00:00,1.25,0.71,1.71,Punjab
2020-04-21 00:00:00,1.48,0.96,1.94,Punjab
2020-04-22 00:00:00,1.34,0.8300000000000001,1.79,Punjab
2020-04-23 00:00:00,1.5,1.0,1.94,Punjab
2020-04-24 00:00:00,1.27,0.8,1.72,Punjab
2020-04-25 00:00:00,1.38,0.91,1.82,Punjab
2020-04-26 00:00:00,1.2,0.73,1.63,Punjab
2020-04-27 00:00:00,1.27,0.78,1.68,Punjab
2020-04-28 00:00:00,1.14,0.66,1.55,Punjab
2020-04-29 00:00:00,1.17,0.68,1.57,Punjab
2020-04-30 00:00:00,1.44,0.97,1.84,Punjab
2020-05-01 00:00:00,1.22,0.77,1.62,Punjab
2020-05-02 00:00:00,4.49,4.12,4.8500000000000005,Punjab
2020-05-03 00:00:00,2.18,1.82,2.46,Punjab
2020-05-04 00:00:00,3.0700000000000003,2.76,3.35,Punjab
2020-03-10 00:00:00,0.0,0.0,10.81,Rajasthan
2020-03-11 00:00:00,3.84,0.0,8.31,Rajasthan
2020-03-12 00:00:00,2.27,0.0,5.75,Rajasthan
2020-03-13 00:00:00,1.81,0.0,4.75,Rajasthan
2020-03-14 00:00:00,1.54,0.0,4.19,Rajasthan
2020-03-15 00:00:00,1.92,0.0,4.13,Rajasthan
2020-03-16 00:00:00,1.68,0.0,3.72,Rajasthan
2020-03-17 00:00:00,1.51,0.0,3.43,Rajasthan
2020-03-18 00:00:00,1.4,0.0,3.22,Rajasthan
2020-03-19 00:00:00,2.09,0.2,3.74,Rajasthan
2020-03-20 00:00:00,3.5500000000000003,1.75,5.16,Rajasthan
2020-03-21 00:00:00,2.74,1.16,4.11,Rajasthan
2020-03-22 00:00:00,2.93,1.55,4.13,Rajasthan
2020-03-23 00:00:00,2.68,1.48,3.77,Rajasthan
2020-03-24 00:00:00,2.48,1.35,3.44,Rajasthan
2020-03-25 00:00:00,2.31,1.29,3.22,Rajasthan
2020-03-26 00:00:00,2.2,1.24,3.0500000000000003,Rajasthan
2020-03-27 00:00:00,1.9,0.98,2.71,Rajasthan
2020-03-28 00:00:00,2.17,1.29,2.94,Rajasthan
2020-03-29 00:00:00,1.88,1.06,2.63,Rajasthan
2020-03-30 00:00:00,1.78,0.99,2.51,Rajasthan
2020-03-31 00:00:00,2.01,1.22,2.69,Rajasthan
2020-04-01 00:00:00,2.2,1.45,2.84,Rajasthan
2020-04-02 00:00:00,2.14,1.48,2.78,Rajasthan
2020-04-03 00:00:00,2.91,2.27,3.47,Rajasthan
2020-04-04 00:00:00,2.62,2.04,3.12,Rajasthan
2020-04-05 00:00:00,1.93,1.39,2.41,Rajasthan
2020-04-06 00:00:00,2.51,1.97,2.95,Rajasthan
2020-04-07 00:00:00,1.95,1.45,2.37,Rajasthan
2020-04-08 00:00:00,1.93,1.45,2.34,Rajasthan
2020-04-09 00:00:00,2.01,1.55,2.4,Rajasthan
2020-04-10 00:00:00,2.18,1.76,2.56,Rajasthan
2020-04-11 00:00:00,2.22,1.81,2.56,Rajasthan
2020-04-12 00:00:00,2.48,2.13,2.82,Rajasthan
2020-04-13 00:00:00,2.2,1.84,2.49,Rajasthan
2020-04-14 00:00:00,1.78,1.45,2.07,Rajasthan
2020-04-15 00:00:00,1.89,1.56,2.16,Rajasthan
2020-04-16 00:00:00,1.38,1.05,1.64,Rajasthan
2020-04-17 00:00:00,1.6,1.3,1.87,Rajasthan
2020-04-18 00:00:00,1.59,1.3,1.85,Rajasthan
2020-04-19 00:00:00,1.64,1.37,1.9,Rajasthan
2020-04-20 00:00:00,1.63,1.34,1.86,Rajasthan
2020-04-21 00:00:00,1.5,1.23,1.73,Rajasthan
2020-04-22 00:00:00,1.83,1.57,2.05,Rajasthan
2020-04-23 00:00:00,1.45,1.22,1.68,Rajasthan
2020-04-24 00:00:00,1.31,1.06,1.52,Rajasthan
2020-04-25 00:00:00,1.26,1.02,1.47,Rajasthan
2020-04-26 00:00:00,1.19,0.94,1.39,Rajasthan
2020-04-27 00:00:00,1.3,1.06,1.5,Rajasthan
2020-04-28 00:00:00,1.26,1.03,1.46,Rajasthan
2020-04-29 00:00:00,1.3,1.06,1.49,Rajasthan
2020-04-30 00:00:00,1.23,1.0,1.42,Rajasthan
2020-05-01 00:00:00,1.37,1.15,1.56,Rajasthan
2020-05-02 00:00:00,1.25,1.02,1.43,Rajasthan
2020-05-03 00:00:00,1.27,1.05,1.45,Rajasthan
2020-05-04 00:00:00,1.28,1.07,1.46,Rajasthan
2020-03-10 00:00:00,0.0,0.0,10.81,Tamil Nadu
2020-03-11 00:00:00,0.4,0.0,8.73,Tamil Nadu
2020-03-12 00:00:00,0.46,0.0,7.1000000000000005,Tamil Nadu
2020-03-13 00:00:00,0.51,0.0,6.15,Tamil Nadu
2020-03-14 00:00:00,0.55,0.0,5.55,Tamil Nadu
2020-03-15 00:00:00,0.58,0.0,5.11,Tamil Nadu
2020-03-16 00:00:00,0.6,0.0,4.79,Tamil Nadu
2020-03-17 00:00:00,0.62,0.0,4.53,Tamil Nadu
2020-03-18 00:00:00,0.64,0.0,4.33,Tamil Nadu
2020-03-19 00:00:00,1.52,0.0,4.59,Tamil Nadu
2020-03-20 00:00:00,2.14,0.0,4.62,Tamil Nadu
2020-03-21 00:00:00,1.85,0.01,4.16,Tamil Nadu
2020-03-22 00:00:00,3.18,0.62,5.2700000000000005,Tamil Nadu
2020-03-23 00:00:00,3.04,0.8200000000000001,4.91,Tamil Nadu
2020-03-24 00:00:00,3.53,1.64,5.15,Tamil Nadu
2020-03-25 00:00:00,3.12,1.52,4.5200000000000005,Tamil Nadu
2020-03-26 00:00:00,3.26,1.89,4.46,Tamil Nadu
2020-03-27 00:00:00,2.81,1.6,3.87,Tamil Nadu
2020-03-28 00:00:00,2.94,1.86,3.88,Tamil Nadu
2020-03-29 00:00:00,2.77,1.83,3.64,Tamil Nadu
2020-03-30 00:00:00,2.91,2.06,3.69,Tamil Nadu
2020-03-31 00:00:00,2.5,1.69,3.19,Tamil Nadu
2020-04-01 00:00:00,5.67,5.03,6.25,Tamil Nadu
2020-04-02 00:00:00,3.15,2.6,3.6,Tamil Nadu
2020-04-03 00:00:00,3.0500000000000003,2.56,3.48,Tamil Nadu
2020-04-04 00:00:00,3.02,2.57,3.41,Tamil Nadu
2020-04-05 00:00:00,2.53,2.1,2.88,Tamil Nadu
2020-04-06 00:00:00,2.31,1.92,2.65,Tamil Nadu
2020-04-07 00:00:00,1.88,1.52,2.22,Tamil Nadu
2020-04-08 00:00:00,1.79,1.44,2.12,Tamil Nadu
2020-04-09 00:00:00,1.59,1.22,1.89,Tamil Nadu
2020-04-10 00:00:00,1.76,1.43,2.07,Tamil Nadu
2020-04-11 00:00:00,1.67,1.33,1.95,Tamil Nadu
2020-04-12 00:00:00,1.51,1.2,1.8,Tamil Nadu
2020-04-13 00:00:00,1.66,1.36,1.94,Tamil Nadu
2020-04-14 00:00:00,1.62,1.33,1.89,Tamil Nadu
2020-04-15 00:00:00,1.32,1.03,1.58,Tamil Nadu
2020-04-16 00:00:00,1.25,0.95,1.5,Tamil Nadu
2020-04-17 00:00:00,1.17,0.86,1.41,Tamil Nadu
2020-04-18 00:00:00,1.26,0.97,1.51,Tamil Nadu
2020-04-19 00:00:00,1.26,0.97,1.5,Tamil Nadu
2020-04-20 00:00:00,1.44,1.16,1.68,Tamil Nadu
2020-04-21 00:00:00,1.27,0.98,1.49,Tamil Nadu
2020-04-22 00:00:00,1.32,1.05,1.55,Tamil Nadu
2020-04-23 00:00:00,1.19,0.94,1.43,Tamil Nadu
2020-04-24 00:00:00,1.22,0.95,1.44,Tamil Nadu
2020-04-25 00:00:00,1.27,1.02,1.5,Tamil Nadu
2020-04-26 00:00:00,1.26,1.02,1.49,Tamil Nadu
2020-04-27 00:00:00,1.25,0.99,1.46,Tamil Nadu
2020-04-28 00:00:00,1.2,0.96,1.42,Tamil Nadu
2020-04-29 00:00:00,1.37,1.13,1.58,Tamil Nadu
2020-04-30 00:00:00,1.35,1.12,1.56,Tamil Nadu
2020-05-01 00:00:00,1.47,1.24,1.67,Tamil Nadu
2020-05-02 00:00:00,1.56,1.33,1.75,Tamil Nadu
2020-05-03 00:00:00,1.6,1.39,1.79,Tamil Nadu
2020-05-04 00:00:00,1.64,1.42,1.81,Tamil Nadu
2020-03-10 00:00:00,0.0,0.0,10.81,Telangana
2020-03-11 00:00:00,0.4,0.0,8.73,Telangana
2020-03-12 00:00:00,0.46,0.0,7.1000000000000005,Telangana
2020-03-13 00:00:00,0.51,0.0,6.15,Telangana
2020-03-14 00:00:00,0.55,0.0,5.55,Telangana
2020-03-15 00:00:00,3.37,0.08,6.5200000000000005,Telangana
2020-03-16 00:00:00,2.56,0.01,5.24,Telangana
2020-03-17 00:00:00,3.18,0.31,5.51,Telangana
2020-03-18 00:00:00,2.9,0.42,4.99,Telangana
2020-03-19 00:00:00,2.4,0.22,4.19,Telangana
2020-03-20 00:00:00,4.25,2.3000000000000003,5.91,Telangana
2020-03-21 00:00:00,3.58,1.99,4.96,Telangana
2020-03-22 00:00:00,2.87,1.47,4.07,Telangana
2020-03-23 00:00:00,3.09,1.9,4.17,Telangana
2020-03-24 00:00:00,2.66,1.57,3.61,Telangana
2020-03-25 00:00:00,2.22,1.21,3.11,Telangana
2020-03-26 00:00:00,2.32,1.4,3.18,Telangana
2020-03-27 00:00:00,2.02,1.13,2.82,Telangana
2020-03-28 00:00:00,2.15,1.33,2.94,Telangana
2020-03-29 00:00:00,2.15,1.34,2.87,Telangana
2020-03-30 00:00:00,1.96,1.18,2.64,Telangana
2020-03-31 00:00:00,1.9,1.14,2.5500000000000003,Telangana
2020-04-01 00:00:00,2.04,1.32,2.67,Telangana
2020-04-02 00:00:00,1.95,1.25,2.54,Telangana
2020-04-03 00:00:00,2.64,2.01,3.21,Telangana
2020-04-04 00:00:00,1.99,1.39,2.51,Telangana
2020-04-05 00:00:00,3.23,2.68,3.71,Telangana
2020-04-06 00:00:00,2.71,2.23,3.14,Telangana
2020-04-07 00:00:00,2.28,1.84,2.69,Telangana
2020-04-08 00:00:00,2.19,1.77,2.58,Telangana
2020-04-09 00:00:00,1.68,1.25,2.04,Telangana
2020-04-10 00:00:00,1.57,1.14,1.92,Telangana
2020-04-11 00:00:00,1.5,1.1,1.86,Telangana
2020-04-12 00:00:00,1.23,0.81,1.57,Telangana
2020-04-13 00:00:00,1.53,1.14,1.88,Telangana
2020-04-14 00:00:00,1.65,1.25,1.97,Telangana
2020-04-15 00:00:00,1.41,1.03,1.73,Telangana
2020-04-16 00:00:00,1.48,1.13,1.81,Telangana
2020-04-17 00:00:00,1.45,1.09,1.76,Telangana
2020-04-18 00:00:00,1.44,1.1,1.75,Telangana
2020-04-19 00:00:00,1.45,1.1,1.74,Telangana
2020-04-20 00:00:00,1.31,0.96,1.59,Telangana
2020-04-21 00:00:00,1.34,1.0,1.62,Telangana
2020-04-22 00:00:00,1.25,0.91,1.52,Telangana
2020-04-23 00:00:00,1.16,0.85,1.45,Telangana
2020-04-24 00:00:00,1.17,0.84,1.44,Telangana
2020-04-25 00:00:00,1.06,0.73,1.33,Telangana
2020-04-26 00:00:00,1.05,0.72,1.32,Telangana
2020-04-27 00:00:00,1.07,0.74,1.34,Telangana
2020-04-28 00:00:00,1.03,0.7000000000000001,1.3,Telangana
2020-04-29 00:00:00,1.05,0.74,1.33,Telangana
2020-04-30 00:00:00,1.02,0.71,1.3,Telangana
2020-05-01 00:00:00,1.13,0.81,1.4,Telangana
2020-05-02 00:00:00,1.12,0.8200000000000001,1.4,Telangana
2020-05-03 00:00:00,1.07,0.76,1.34,Telangana
2020-05-04 00:00:00,1.1,0.79,1.37,Telangana
2020-03-10 00:00:00,0.0,0.0,10.81,Jammu and Kashmir
2020-03-11 00:00:00,0.4,0.0,8.73,Jammu and Kashmir
2020-03-12 00:00:00,0.46,0.0,7.1000000000000005,Jammu and Kashmir
2020-03-13 00:00:00,0.51,0.0,6.15,Jammu and Kashmir
2020-03-14 00:00:00,2.56,0.0,6.33,Jammu and Kashmir
2020-03-15 00:00:00,2.06,0.0,5.3500000000000005,Jammu and Kashmir
2020-03-16 00:00:00,2.56,0.0,5.24,Jammu and Kashmir
2020-03-17 00:00:00,2.14,0.0,4.5600000000000005,Jammu and Kashmir
2020-03-18 00:00:00,1.87,0.0,4.12,Jammu and Kashmir
2020-03-19 00:00:00,2.1,0.02,4.09,Jammu and Kashmir
2020-03-20 00:00:00,1.87,0.04,3.75,Jammu and Kashmir
2020-03-21 00:00:00,1.71,0.05,3.5,Jammu and Kashmir
2020-03-22 00:00:00,1.58,0.0,3.26,Jammu and Kashmir
2020-03-23 00:00:00,1.49,0.0,3.1,Jammu and Kashmir
2020-03-24 00:00:00,1.41,0.01,2.98,Jammu and Kashmir
2020-03-25 00:00:00,1.95,0.17,3.43,Jammu and Kashmir
2020-03-26 00:00:00,2.69,0.95,4.23,Jammu and Kashmir
2020-03-27 00:00:00,2.28,0.68,3.64,Jammu and Kashmir
2020-03-28 00:00:00,2.7,1.26,3.95,Jammu and Kashmir
2020-03-29 00:00:00,3.1,1.87,4.21,Jammu and Kashmir
2020-03-30 00:00:00,3.43,2.39,4.39,Jammu and Kashmir
2020-03-31 00:00:00,2.88,1.96,3.72,Jammu and Kashmir
2020-04-01 00:00:00,2.59,1.73,3.34,Jammu and Kashmir
2020-04-02 00:00:00,2.12,1.31,2.83,Jammu and Kashmir
2020-04-03 00:00:00,2.18,1.43,2.88,Jammu and Kashmir
2020-04-04 00:00:00,1.83,1.09,2.49,Jammu and Kashmir
2020-04-05 00:00:00,2.34,1.63,2.97,Jammu and Kashmir
2020-04-06 00:00:00,1.94,1.26,2.53,Jammu and Kashmir
2020-04-07 00:00:00,1.77,1.11,2.34,Jammu and Kashmir
2020-04-08 00:00:00,1.51,0.86,2.07,Jammu and Kashmir
2020-04-09 00:00:00,2.12,1.5,2.67,Jammu and Kashmir
2020-04-10 00:00:00,2.1,1.5,2.6,Jammu and Kashmir
2020-04-11 00:00:00,1.98,1.43,2.47,Jammu and Kashmir
2020-04-12 00:00:00,1.8,1.27,2.27,Jammu and Kashmir
2020-04-13 00:00:00,1.72,1.22,2.19,Jammu and Kashmir
2020-04-14 00:00:00,1.7,1.18,2.13,Jammu and Kashmir
2020-04-15 00:00:00,1.47,0.97,1.9,Jammu and Kashmir
2020-04-16 00:00:00,1.5,1.01,1.92,Jammu and Kashmir
2020-04-17 00:00:00,1.41,0.95,1.84,Jammu and Kashmir
2020-04-18 00:00:00,1.36,0.89,1.77,Jammu and Kashmir
2020-04-19 00:00:00,1.32,0.85,1.72,Jammu and Kashmir
2020-04-20 00:00:00,1.25,0.79,1.65,Jammu and Kashmir
2020-04-21 00:00:00,1.3,0.84,1.69,Jammu and Kashmir
2020-04-22 00:00:00,1.26,0.81,1.65,Jammu and Kashmir
2020-04-23 00:00:00,1.37,0.92,1.75,Jammu and Kashmir
2020-04-24 00:00:00,1.35,0.91,1.72,Jammu and Kashmir
2020-04-25 00:00:00,1.39,0.98,1.77,Jammu and Kashmir
2020-04-26 00:00:00,1.5,1.1,1.87,Jammu and Kashmir
2020-04-27 00:00:00,1.44,1.06,1.81,Jammu and Kashmir
2020-04-28 00:00:00,1.36,0.97,1.71,Jammu and Kashmir
2020-04-29 00:00:00,1.29,0.9,1.63,Jammu and Kashmir
2020-04-30 00:00:00,1.24,0.87,1.59,Jammu and Kashmir
2020-05-01 00:00:00,1.32,0.96,1.67,Jammu and Kashmir
2020-05-02 00:00:00,1.3,0.93,1.63,Jammu and Kashmir
2020-05-03 00:00:00,1.29,0.93,1.62,Jammu and Kashmir
2020-05-04 00:00:00,1.33,0.97,1.65,Jammu and Kashmir
2020-03-10 00:00:00,0.0,0.0,10.81,Ladakh
2020-03-11 00:00:00,0.4,0.0,7.1000000000000005,Ladakh
2020-03-12 00:00:00,2.56,0.0,6.3100000000000005,Ladakh
2020-03-13 00:00:00,1.93,0.0,5.0200000000000005,Ladakh
2020-03-14 00:00:00,1.61,0.0,4.3500000000000005,Ladakh
2020-03-15 00:00:00,1.36,0.0,3.92,Ladakh
2020-03-16 00:00:00,1.78,0.0,3.91,Ladakh
2020-03-17 00:00:00,2.28,0.14,4.15,Ladakh
2020-03-18 00:00:00,2.47,0.38,4.22,Ladakh
2020-03-19 00:00:00,2.11,0.27,3.68,Ladakh
2020-03-20 00:00:00,2.21,0.44,3.7,Ladakh
2020-03-21 00:00:00,2.35,0.67,3.74,Ladakh
2020-03-22 00:00:00,2.05,0.53,3.34,Ladakh
2020-03-23 00:00:00,1.85,0.42,3.0500000000000003,Ladakh
2020-03-24 00:00:00,1.7,0.32,2.82,Ladakh
2020-03-25 00:00:00,1.58,0.29,2.68,Ladakh
2020-03-26 00:00:00,1.49,0.22,2.53,Ladakh
2020-03-27 00:00:00,1.41,0.19,2.43,Ladakh
2020-03-28 00:00:00,1.34,0.12,2.31,Ladakh
2020-03-29 00:00:00,1.28,0.1,2.24,Ladakh
2020-03-30 00:00:00,1.23,0.08,2.18,Ladakh
2020-03-31 00:00:00,1.19,0.08,2.14,Ladakh
2020-04-01 00:00:00,1.15,0.06,2.09,Ladakh
2020-04-02 00:00:00,1.11,0.06,2.06,Ladakh
2020-04-03 00:00:00,1.16,0.06,2.09,Ladakh
2020-04-04 00:00:00,1.12,0.04,2.04,Ladakh
2020-04-05 00:00:00,1.08,0.04,2.01,Ladakh
2020-04-06 00:00:00,1.05,0.01,1.96,Ladakh
2020-04-07 00:00:00,1.03,0.06,1.98,Ladakh
2020-04-08 00:00:00,1.0,0.0,1.91,Ladakh
2020-04-09 00:00:00,0.98,0.01,1.9,Ladakh
2020-04-10 00:00:00,1.04,0.03,1.96,Ladakh
2020-04-11 00:00:00,1.02,0.01,1.92,Ladakh
2020-04-12 00:00:00,0.99,0.0,1.89,Ladakh
2020-04-13 00:00:00,0.97,0.01,1.88,Ladakh
2020-04-14 00:00:00,0.96,0.0,1.86,Ladakh
2020-04-15 00:00:00,1.09,0.06,2.0,Ladakh
2020-04-16 00:00:00,1.06,0.05,1.96,Ladakh
2020-04-17 00:00:00,1.1,0.06,1.99,Ladakh
2020-04-18 00:00:00,1.07,0.1,1.99,Ladakh
2020-04-19 00:00:00,1.05,0.05,1.92,Ladakh
2020-04-20 00:00:00,1.02,0.04,1.89,Ladakh
2020-04-21 00:00:00,1.0,0.05,1.88,Ladakh
2020-04-22 00:00:00,0.98,0.02,1.84,Ladakh
2020-04-23 00:00:00,0.97,0.05,1.85,Ladakh
2020-04-24 00:00:00,0.95,0.04,1.83,Ladakh
2020-04-25 00:00:00,1.07,0.06,1.93,Ladakh
2020-04-26 00:00:00,1.05,0.07,1.91,Ladakh
2020-04-27 00:00:00,1.02,0.05,1.87,Ladakh
2020-04-28 00:00:00,1.13,0.13,2.0,Ladakh
2020-04-29 00:00:00,1.09,0.11,1.95,Ladakh
2020-04-30 00:00:00,1.06,0.07,1.89,Ladakh
2020-05-01 00:00:00,1.04,0.06,1.86,Ladakh
2020-05-02 00:00:00,1.02,0.06,1.84,Ladakh
2020-05-03 00:00:00,1.92,0.94,2.86,Ladakh
2020-05-04 00:00:00,1.73,0.8,2.6,Ladakh
2020-03-10 00:00:00,0.0,0.0,10.81,Uttar Pradesh
2020-03-11 00:00:00,0.44,0.0,4.11,Uttar Pradesh
2020-03-12 00:00:00,1.74,0.0,3.7,Uttar Pradesh
2020-03-13 00:00:00,1.44,0.0,3.0700000000000003,Uttar Pradesh
2020-03-14 00:00:00,1.48,0.06,2.91,Uttar Pradesh
2020-03-15 00:00:00,1.49,0.08,2.77,Uttar Pradesh
2020-03-16 00:00:00,1.37,0.11,2.59,Uttar Pradesh
2020-03-17 00:00:00,1.49,0.15,2.62,Uttar Pradesh
2020-03-18 00:00:00,1.48,0.2,2.57,Uttar Pradesh
2020-03-19 00:00:00,1.62,0.38,2.72,Uttar Pradesh
2020-03-20 00:00:00,1.77,0.58,2.84,Uttar Pradesh
2020-03-21 00:00:00,1.67,0.54,2.68,Uttar Pradesh
2020-03-22 00:00:00,1.7,0.58,2.64,Uttar Pradesh
2020-03-23 00:00:00,1.75,0.6900000000000001,2.66,Uttar Pradesh
2020-03-24 00:00:00,1.68,0.71,2.59,Uttar Pradesh
2020-03-25 00:00:00,1.71,0.77,2.58,Uttar Pradesh
2020-03-26 00:00:00,1.71,0.77,2.52,Uttar Pradesh
2020-03-27 00:00:00,1.54,0.63,2.33,Uttar Pradesh
2020-03-28 00:00:00,1.92,1.08,2.71,Uttar Pradesh
2020-03-29 00:00:00,1.99,1.16,2.71,Uttar Pradesh
2020-03-30 00:00:00,2.19,1.45,2.9,Uttar Pradesh
2020-03-31 00:00:00,2.28,1.55,2.91,Uttar Pradesh
2020-04-01 00:00:00,1.89,1.19,2.48,Uttar Pradesh
2020-04-02 00:00:00,1.81,1.14,2.39,Uttar Pradesh
2020-04-03 00:00:00,2.64,2.03,3.2,Uttar Pradesh
2020-04-04 00:00:00,1.99,1.4,2.49,Uttar Pradesh
2020-04-05 00:00:00,2.36,1.83,2.86,Uttar Pradesh
2020-04-06 00:00:00,2.71,2.19,3.14,Uttar Pradesh
2020-04-07 00:00:00,1.87,1.39,2.28,Uttar Pradesh
2020-04-08 00:00:00,1.84,1.38,2.25,Uttar Pradesh
2020-04-09 00:00:00,2.05,1.62,2.45,Uttar Pradesh
2020-04-10 00:00:00,1.68,1.25,2.05,Uttar Pradesh
2020-04-11 00:00:00,1.34,0.92,1.71,Uttar Pradesh
2020-04-12 00:00:00,1.32,0.89,1.68,Uttar Pradesh
2020-04-13 00:00:00,1.4,0.97,1.75,Uttar Pradesh
2020-04-14 00:00:00,2.45,2.05,2.78,Uttar Pradesh
2020-04-15 00:00:00,2.03,1.67,2.34,Uttar Pradesh
2020-04-16 00:00:00,1.61,1.26,1.91,Uttar Pradesh
2020-04-17 00:00:00,1.62,1.27,1.91,Uttar Pradesh
2020-04-18 00:00:00,1.84,1.51,2.12,Uttar Pradesh
2020-04-19 00:00:00,1.8,1.49,2.07,Uttar Pradesh
2020-04-20 00:00:00,1.64,1.34,1.9,Uttar Pradesh
2020-04-21 00:00:00,1.66,1.38,1.92,Uttar Pradesh
2020-04-22 00:00:00,1.62,1.36,1.88,Uttar Pradesh
2020-04-23 00:00:00,1.51,1.23,1.74,Uttar Pradesh
2020-04-24 00:00:00,1.45,1.17,1.67,Uttar Pradesh
2020-04-25 00:00:00,1.65,1.39,1.87,Uttar Pradesh
2020-04-26 00:00:00,1.35,1.09,1.56,Uttar Pradesh
2020-04-27 00:00:00,1.4,1.15,1.61,Uttar Pradesh
2020-04-28 00:00:00,1.33,1.09,1.54,Uttar Pradesh
2020-04-29 00:00:00,1.26,1.01,1.46,Uttar Pradesh
2020-04-30 00:00:00,1.28,1.04,1.48,Uttar Pradesh
2020-05-01 00:00:00,1.25,1.02,1.45,Uttar Pradesh
2020-05-02 00:00:00,1.46,1.23,1.65,Uttar Pradesh
2020-05-03 00:00:00,1.47,1.24,1.65,Uttar Pradesh
2020-05-04 00:00:00,1.33,1.11,1.51,Uttar Pradesh
2020-03-13 00:00:00,0.0,0.0,10.81,Andhra Pradesh
2020-03-14 00:00:00,0.4,0.0,8.73,Andhra Pradesh
2020-03-15 00:00:00,0.46,0.0,7.1000000000000005,Andhra Pradesh
2020-03-16 00:00:00,0.51,0.0,6.15,Andhra Pradesh
2020-03-17 00:00:00,0.55,0.0,5.55,Andhra Pradesh
2020-03-18 00:00:00,0.58,0.0,5.11,Andhra Pradesh
2020-03-19 00:00:00,2.05,0.0,5.37,Andhra Pradesh
2020-03-20 00:00:00,2.57,0.03,5.28,Andhra Pradesh
2020-03-21 00:00:00,2.14,0.0,4.57,Andhra Pradesh
2020-03-22 00:00:00,2.77,0.26,4.94,Andhra Pradesh
2020-03-23 00:00:00,2.93,0.55,4.93,Andhra Pradesh
2020-03-24 00:00:00,2.66,0.5,4.4,Andhra Pradesh
2020-03-25 00:00:00,2.45,0.53,4.0600000000000005,Andhra Pradesh
2020-03-26 00:00:00,2.44,0.72,3.98,Andhra Pradesh
2020-03-27 00:00:00,2.25,0.64,3.64,Andhra Pradesh
2020-03-28 00:00:00,2.21,0.71,3.51,Andhra Pradesh
2020-03-29 00:00:00,2.42,1.03,3.62,Andhra Pradesh
2020-03-30 00:00:00,2.39,1.13,3.5,Andhra Pradesh
2020-03-31 00:00:00,3.1,1.98,4.08,Andhra Pradesh
2020-04-01 00:00:00,4.3,3.38,5.11,Andhra Pradesh
2020-04-02 00:00:00,3.04,2.24,3.72,Andhra Pradesh
2020-04-03 00:00:00,3.43,2.72,4.03,Andhra Pradesh
2020-04-04 00:00:00,2.98,2.34,3.51,Andhra Pradesh
2020-04-05 00:00:00,2.62,2.04,3.12,Andhra Pradesh
2020-04-06 00:00:00,2.44,1.91,2.92,Andhra Pradesh
2020-04-07 00:00:00,2.3000000000000003,1.78,2.74,Andhra Pradesh
2020-04-08 00:00:00,2.14,1.65,2.56,Andhra Pradesh
2020-04-09 00:00:00,2.03,1.57,2.44,Andhra Pradesh
2020-04-10 00:00:00,1.66,1.19,2.04,Andhra Pradesh
2020-04-11 00:00:00,1.5,1.07,1.9,Andhra Pradesh
2020-04-12 00:00:00,1.25,0.8,1.63,Andhra Pradesh
2020-04-13 00:00:00,1.57,1.12,1.94,Andhra Pradesh
2020-04-14 00:00:00,1.61,1.17,1.96,Andhra Pradesh
2020-04-15 00:00:00,1.51,1.12,1.88,Andhra Pradesh
2020-04-16 00:00:00,1.46,1.05,1.8,Andhra Pradesh
2020-04-17 00:00:00,1.47,1.08,1.81,Andhra Pradesh
2020-04-18 00:00:00,1.41,1.02,1.74,Andhra Pradesh
2020-04-19 00:00:00,1.17,0.79,1.5,Andhra Pradesh
2020-04-20 00:00:00,1.83,1.46,2.15,Andhra Pradesh
2020-04-21 00:00:00,1.52,1.16,1.82,Andhra Pradesh
2020-04-22 00:00:00,1.51,1.15,1.8,Andhra Pradesh
2020-04-23 00:00:00,1.61,1.26,1.89,Andhra Pradesh
2020-04-24 00:00:00,1.51,1.17,1.78,Andhra Pradesh
2020-04-25 00:00:00,1.66,1.34,1.93,Andhra Pradesh
2020-04-26 00:00:00,1.37,1.07,1.64,Andhra Pradesh
2020-04-27 00:00:00,1.45,1.16,1.72,Andhra Pradesh
2020-04-28 00:00:00,1.47,1.16,1.71,Andhra Pradesh
2020-04-29 00:00:00,1.42,1.11,1.65,Andhra Pradesh
2020-04-30 00:00:00,1.38,1.08,1.61,Andhra Pradesh
2020-05-01 00:00:00,1.32,1.03,1.55,Andhra Pradesh
2020-05-02 00:00:00,1.3,1.02,1.53,Andhra Pradesh
2020-05-03 00:00:00,1.27,1.0,1.5,Andhra Pradesh
2020-05-04 00:00:00,1.28,1.03,1.52,Andhra Pradesh
2020-03-15 00:00:00,0.0,0.0,10.81,Uttarakhand
2020-03-16 00:00:00,0.4,0.0,8.73,Uttarakhand
2020-03-17 00:00:00,0.46,0.0,7.1000000000000005,Uttarakhand
2020-03-18 00:00:00,0.51,0.0,6.15,Uttarakhand
2020-03-19 00:00:00,0.55,0.0,5.55,Uttarakhand
2020-03-20 00:00:00,3.37,0.08,6.5200000000000005,Uttarakhand
2020-03-21 00:00:00,2.56,0.01,5.24,Uttarakhand
2020-03-22 00:00:00,2.14,0.0,4.5600000000000005,Uttarakhand
2020-03-23 00:00:00,1.87,0.0,4.12,Uttarakhand
2020-03-24 00:00:00,2.1,0.07,4.13,Uttarakhand
2020-03-25 00:00:00,1.87,0.03,3.74,Uttarakhand
2020-03-26 00:00:00,1.99,0.09,3.73,Uttarakhand
2020-03-27 00:00:00,1.81,0.05,3.42,Uttarakhand
2020-03-28 00:00:00,1.67,0.06,3.22,Uttarakhand
2020-03-29 00:00:00,1.94,0.21,3.45,Uttarakhand
2020-03-30 00:00:00,1.78,0.13,3.16,Uttarakhand
2020-03-31 00:00:00,1.65,0.13,2.99,Uttarakhand
2020-04-01 00:00:00,1.55,0.1,2.83,Uttarakhand
2020-04-02 00:00:00,1.46,0.05,2.68,Uttarakhand
2020-04-03 00:00:00,1.76,0.27,3.02,Uttarakhand
2020-04-04 00:00:00,2.25,0.78,3.52,Uttarakhand
2020-04-05 00:00:00,2.48,1.15,3.65,Uttarakhand
2020-04-06 00:00:00,2.4,1.21,3.48,Uttarakhand
2020-04-07 00:00:00,2.35,1.24,3.33,Uttarakhand
2020-04-08 00:00:00,2.03,0.99,2.95,Uttarakhand
2020-04-09 00:00:00,1.98,0.98,2.85,Uttarakhand
2020-04-10 00:00:00,1.76,0.8,2.6,Uttarakhand
2020-04-11 00:00:00,1.6,0.66,2.42,Uttarakhand
2020-04-12 00:00:00,1.47,0.56,2.29,Uttarakhand
2020-04-13 00:00:00,1.38,0.5,2.21,Uttarakhand
2020-04-14 00:00:00,1.3,0.4,2.1,Uttarakhand
2020-04-15 00:00:00,1.32,0.4,2.1,Uttarakhand
2020-04-16 00:00:00,1.25,0.35000000000000003,2.03,Uttarakhand
2020-04-17 00:00:00,1.19,0.28,1.95,Uttarakhand
2020-04-18 00:00:00,1.34,0.43,2.11,Uttarakhand
2020-04-19 00:00:00,1.26,0.37,2.02,Uttarakhand
2020-04-20 00:00:00,1.27,0.38,2.02,Uttarakhand
2020-04-21 00:00:00,1.28,0.4,2.02,Uttarakhand
2020-04-22 00:00:00,1.21,0.34,1.94,Uttarakhand
2020-04-23 00:00:00,1.16,0.31,1.89,Uttarakhand
2020-04-24 00:00:00,1.15,0.33,1.9,Uttarakhand
2020-04-25 00:00:00,1.15,0.29,1.86,Uttarakhand
2020-04-26 00:00:00,1.18,0.36,1.92,Uttarakhand
2020-04-27 00:00:00,1.16,0.34,1.89,Uttarakhand
2020-04-28 00:00:00,1.12,0.28,1.82,Uttarakhand
2020-04-29 00:00:00,1.18,0.35000000000000003,1.89,Uttarakhand
2020-04-30 00:00:00,1.17,0.37,1.89,Uttarakhand
2020-05-01 00:00:00,1.18,0.39,1.9,Uttarakhand
2020-05-02 00:00:00,1.16,0.36,1.86,Uttarakhand
2020-05-03 00:00:00,1.15,0.35000000000000003,1.84,Uttarakhand
2020-05-04 00:00:00,1.14,0.34,1.82,Uttarakhand
2020-03-16 00:00:00,0.0,0.0,10.81,Odisha
2020-03-17 00:00:00,0.4,0.0,8.73,Odisha
2020-03-18 00:00:00,0.46,0.0,7.1000000000000005,Odisha
2020-03-19 00:00:00,0.51,0.0,6.15,Odisha
2020-03-20 00:00:00,2.56,0.0,6.33,Odisha
2020-03-21 00:00:00,2.06,0.0,5.3500000000000005,Odisha
2020-03-22 00:00:00,1.73,0.0,4.76,Odisha
2020-03-23 00:00:00,1.47,0.0,4.36,Odisha
2020-03-24 00:00:00,1.31,0.0,4.0600000000000005,Odisha
2020-03-25 00:00:00,1.22,0.0,3.83,Odisha
2020-03-26 00:00:00,1.15,0.0,3.65,Odisha
2020-03-27 00:00:00,1.1,0.0,3.49,Odisha
2020-03-28 00:00:00,1.55,0.0,3.62,Odisha
2020-03-29 00:00:00,1.44,0.0,3.42,Odisha
2020-03-30 00:00:00,1.36,0.0,3.26,Odisha
2020-03-31 00:00:00,1.3,0.0,3.13,Odisha
2020-04-01 00:00:00,1.53,0.0,3.21,Odisha
2020-04-02 00:00:00,1.44,0.0,3.06,Odisha
2020-04-03 00:00:00,1.59,0.01,3.1,Odisha
2020-04-04 00:00:00,1.5,0.01,2.95,Odisha
2020-04-05 00:00:00,3.67,2.02,5.19,Odisha
2020-04-06 00:00:00,2.91,1.45,4.17,Odisha
2020-04-07 00:00:00,3.92,2.71,4.97,Odisha
2020-04-08 00:00:00,2.89,1.88,3.83,Odisha
2020-04-09 00:00:00,2.35,1.4,3.2,Odisha
2020-04-10 00:00:00,2.08,1.18,2.89,Odisha
2020-04-11 00:00:00,1.96,1.12,2.76,Odisha
2020-04-12 00:00:00,1.93,1.07,2.66,Odisha
2020-04-13 00:00:00,1.69,0.88,2.42,Odisha
2020-04-14 00:00:00,1.55,0.74,2.26,Odisha
2020-04-15 00:00:00,1.56,0.76,2.26,Odisha
2020-04-16 00:00:00,1.42,0.63,2.11,Odisha
2020-04-17 00:00:00,1.31,0.53,2.0,Odisha
2020-04-18 00:00:00,1.24,0.47,1.93,Odisha
2020-04-19 00:00:00,1.2,0.43,1.89,Odisha
2020-04-20 00:00:00,1.35,0.6,2.05,Odisha
2020-04-21 00:00:00,1.41,0.64,2.07,Odisha
2020-04-22 00:00:00,1.5,0.76,2.15,Odisha
2020-04-23 00:00:00,1.38,0.65,2.01,Odisha
2020-04-24 00:00:00,1.43,0.71,2.05,Odisha
2020-04-25 00:00:00,1.39,0.7000000000000001,2.01,Odisha
2020-04-26 00:00:00,1.47,0.77,2.06,Odisha
2020-04-27 00:00:00,1.42,0.75,2.01,Odisha
2020-04-28 00:00:00,1.49,0.84,2.07,Odisha
2020-04-29 00:00:00,1.34,0.7000000000000001,1.91,Odisha
2020-04-30 00:00:00,1.4,0.78,1.97,Odisha
2020-05-01 00:00:00,1.53,0.9,2.07,Odisha
2020-05-02 00:00:00,1.53,0.94,2.07,Odisha
2020-05-03 00:00:00,1.43,0.84,1.95,Odisha
2020-05-04 00:00:00,1.32,0.72,1.82,Odisha
2020-03-18 00:00:00,0.0,0.0,10.81,Puducherry
2020-03-19 00:00:00,0.4,0.0,8.73,Puducherry
2020-03-20 00:00:00,0.46,0.0,7.1000000000000005,Puducherry
2020-03-21 00:00:00,0.51,0.0,6.15,Puducherry
2020-03-22 00:00:00,0.55,0.0,5.55,Puducherry
2020-03-23 00:00:00,0.58,0.0,5.11,Puducherry
2020-03-24 00:00:00,0.6,0.0,4.79,Puducherry
2020-03-25 00:00:00,0.62,0.0,4.53,Puducherry
2020-03-26 00:00:00,0.64,0.0,4.33,Puducherry
2020-03-27 00:00:00,0.66,0.0,4.16,Puducherry
2020-03-28 00:00:00,0.67,0.0,4.01,Puducherry
2020-03-29 00:00:00,0.68,0.0,3.88,Puducherry
2020-03-30 00:00:00,0.68,0.0,3.78,Puducherry
2020-03-31 00:00:00,0.6900000000000001,0.0,3.68,Puducherry
2020-04-01 00:00:00,1.88,0.01,4.26,Puducherry
2020-04-02 00:00:00,1.69,0.0,3.9,Puducherry
2020-04-03 00:00:00,2.3000000000000003,0.16,4.26,Puducherry
2020-04-04 00:00:00,2.01,0.11,3.8,Puducherry
2020-04-05 00:00:00,1.82,0.1,3.5,Puducherry
2020-04-06 00:00:00,1.68,0.05,3.24,Puducherry
2020-04-07 00:00:00,1.58,0.06,3.08,Puducherry
2020-04-08 00:00:00,1.49,0.03,2.92,Puducherry
2020-04-09 00:00:00,1.42,0.03,2.81,Puducherry
2020-04-10 00:00:00,1.35,0.02,2.71,Puducherry
2020-04-11 00:00:00,1.61,0.09,2.92,Puducherry
2020-04-12 00:00:00,1.51,0.11,2.81,Puducherry
2020-04-13 00:00:00,1.43,0.07,2.67,Puducherry
2020-04-14 00:00:00,1.36,0.04,2.56,Puducherry
2020-04-15 00:00:00,1.3,0.02,2.47,Puducherry
2020-04-16 00:00:00,1.25,0.02,2.41,Puducherry
2020-04-17 00:00:00,1.2,0.0,2.34,Puducherry
2020-04-18 00:00:00,1.16,0.0,2.3000000000000003,Puducherry
2020-04-19 00:00:00,1.11,0.0,2.26,Puducherry
2020-04-20 00:00:00,1.08,0.0,2.22,Puducherry
2020-04-21 00:00:00,1.04,0.0,2.19,Puducherry
2020-04-22 00:00:00,1.01,0.0,2.17,Puducherry
2020-04-23 00:00:00,0.98,0.0,2.14,Puducherry
2020-04-24 00:00:00,0.95,0.0,2.12,Puducherry
2020-04-25 00:00:00,0.92,0.0,2.1,Puducherry
2020-04-26 00:00:00,0.9,0.0,2.09,Puducherry
2020-04-27 00:00:00,1.01,0.02,2.17,Puducherry
2020-04-28 00:00:00,0.99,0.0,2.13,Puducherry
2020-04-29 00:00:00,0.96,0.0,2.1,Puducherry
2020-04-30 00:00:00,0.94,0.0,2.08,Puducherry
2020-05-01 00:00:00,0.92,0.0,2.06,Puducherry
2020-05-02 00:00:00,0.9,0.0,2.04,Puducherry
2020-05-03 00:00:00,0.88,0.0,2.03,Puducherry
2020-05-04 00:00:00,0.86,0.0,2.01,Puducherry
2020-03-18 00:00:00,0.0,0.0,10.81,West Bengal
2020-03-19 00:00:00,0.4,0.0,8.73,West Bengal
2020-03-20 00:00:00,3.84,0.0,8.31,West Bengal
2020-03-21 00:00:00,3.84,0.11,7.18,West Bengal
2020-03-22 00:00:00,3.49,0.17,6.17,West Bengal
2020-03-23 00:00:00,4.05,1.11,6.54,West Bengal
2020-03-24 00:00:00,3.56,1.18,5.67,West Bengal
2020-03-25 00:00:00,2.78,0.68,4.5200000000000005,West Bengal
2020-03-26 00:00:00,2.52,0.64,4.09,West Bengal
2020-03-27 00:00:00,2.19,0.45,3.59,West Bengal
2020-03-28 00:00:00,2.5500000000000003,0.99,3.93,West Bengal
2020-03-29 00:00:00,2.48,1.06,3.73,West Bengal
2020-03-30 00:00:00,2.46,1.2,3.63,West Bengal
2020-03-31 00:00:00,2.38,1.23,3.46,West Bengal
2020-04-01 00:00:00,2.67,1.59,3.62,West Bengal
2020-04-02 00:00:00,2.93,2.0,3.81,West Bengal
2020-04-03 00:00:00,2.69,1.86,3.49,West Bengal
2020-04-04 00:00:00,2.36,1.59,3.1,West Bengal
2020-04-05 00:00:00,2.26,1.5,2.93,West Bengal
2020-04-06 00:00:00,1.87,1.16,2.53,West Bengal
2020-04-07 00:00:00,1.88,1.16,2.5,West Bengal
2020-04-08 00:00:00,1.79,1.09,2.39,West Bengal
2020-04-09 00:00:00,1.62,0.94,2.21,West Bengal
2020-04-10 00:00:00,1.69,1.03,2.27,West Bengal
2020-04-11 00:00:00,1.65,1.0,2.21,West Bengal
2020-04-12 00:00:00,1.57,0.94,2.12,West Bengal
2020-04-13 00:00:00,1.69,1.06,2.21,West Bengal
2020-04-14 00:00:00,2.04,1.47,2.56,West Bengal
2020-04-15 00:00:00,1.94,1.4,2.43,West Bengal
2020-04-16 00:00:00,1.77,1.26,2.25,West Bengal
2020-04-17 00:00:00,1.74,1.24,2.2,West Bengal
2020-04-18 00:00:00,1.78,1.29,2.22,West Bengal
2020-04-19 00:00:00,1.66,1.19,2.09,West Bengal
2020-04-20 00:00:00,1.64,1.17,2.05,West Bengal
2020-04-21 00:00:00,1.83,1.4,2.24,West Bengal
2020-04-22 00:00:00,1.67,1.25,2.06,West Bengal
2020-04-23 00:00:00,1.59,1.17,1.96,West Bengal
2020-04-24 00:00:00,1.73,1.3,2.07,West Bengal
2020-04-25 00:00:00,1.73,1.32,2.06,West Bengal
2020-04-26 00:00:00,1.58,1.21,1.92,West Bengal
2020-04-27 00:00:00,1.49,1.1,1.8,West Bengal
2020-04-28 00:00:00,1.49,1.13,1.81,West Bengal
2020-04-29 00:00:00,1.36,1.0,1.67,West Bengal
2020-04-30 00:00:00,1.33,0.97,1.63,West Bengal
2020-05-01 00:00:00,1.33,0.98,1.63,West Bengal
2020-05-02 00:00:00,1.12,0.76,1.41,West Bengal
2020-05-03 00:00:00,1.72,1.37,2.0,West Bengal
2020-05-04 00:00:00,1.44,1.13,1.73,West Bengal
2020-03-19 00:00:00,0.0,0.0,10.81,Chhattisgarh
2020-03-20 00:00:00,0.4,0.0,8.73,Chhattisgarh
2020-03-21 00:00:00,0.46,0.0,7.1000000000000005,Chhattisgarh
2020-03-22 00:00:00,0.51,0.0,6.15,Chhattisgarh
2020-03-23 00:00:00,0.55,0.0,5.55,Chhattisgarh
2020-03-24 00:00:00,0.58,0.0,5.11,Chhattisgarh
2020-03-25 00:00:00,0.6,0.0,4.79,Chhattisgarh
2020-03-26 00:00:00,4.84,1.28,7.77,Chhattisgarh
2020-03-27 00:00:00,3.28,0.5,5.51,Chhattisgarh
2020-03-28 00:00:00,2.61,0.28,4.51,Chhattisgarh
2020-03-29 00:00:00,2.48,0.36,4.23,Chhattisgarh
2020-03-30 00:00:00,2.15,0.25,3.73,Chhattisgarh
2020-03-31 00:00:00,2.1,0.32,3.61,Chhattisgarh
2020-04-01 00:00:00,2.05,0.32,3.44,Chhattisgarh
2020-04-02 00:00:00,1.86,0.24,3.15,Chhattisgarh
2020-04-03 00:00:00,1.71,0.19,2.94,Chhattisgarh
2020-04-04 00:00:00,1.6,0.17,2.79,Chhattisgarh
2020-04-05 00:00:00,1.51,0.14,2.66,Chhattisgarh
2020-04-06 00:00:00,1.53,0.15,2.65,Chhattisgarh
2020-04-07 00:00:00,1.45,0.14,2.5500000000000003,Chhattisgarh
2020-04-08 00:00:00,1.38,0.11,2.45,Chhattisgarh
2020-04-09 00:00:00,1.32,0.09,2.37,Chhattisgarh
2020-04-10 00:00:00,1.26,0.07,2.3000000000000003,Chhattisgarh
2020-04-11 00:00:00,1.89,0.59,3.03,Chhattisgarh
2020-04-12 00:00:00,2.2,0.98,3.27,Chhattisgarh
2020-04-13 00:00:00,2.27,1.18,3.28,Chhattisgarh
2020-04-14 00:00:00,1.96,0.92,2.89,Chhattisgarh
2020-04-15 00:00:00,1.84,0.86,2.74,Chhattisgarh
2020-04-16 00:00:00,1.66,0.71,2.53,Chhattisgarh
2020-04-17 00:00:00,1.65,0.7000000000000001,2.48,Chhattisgarh
2020-04-18 00:00:00,1.51,0.59,2.33,Chhattisgarh
2020-04-19 00:00:00,1.4,0.47,2.19,Chhattisgarh
2020-04-20 00:00:00,1.32,0.41,2.11,Chhattisgarh
2020-04-21 00:00:00,1.25,0.33,2.02,Chhattisgarh
2020-04-22 00:00:00,1.2,0.31,1.98,Chhattisgarh
2020-04-23 00:00:00,1.16,0.27,1.93,Chhattisgarh
2020-04-24 00:00:00,1.12,0.23,1.88,Chhattisgarh
2020-04-25 00:00:00,1.09,0.21,1.85,Chhattisgarh
2020-04-26 00:00:00,1.1,0.2,1.85,Chhattisgarh
2020-04-27 00:00:00,1.07,0.21,1.84,Chhattisgarh
2020-04-28 00:00:00,1.05,0.19,1.81,Chhattisgarh
2020-04-29 00:00:00,1.07,0.19,1.82,Chhattisgarh
2020-04-30 00:00:00,1.05,0.16,1.78,Chhattisgarh
2020-05-01 00:00:00,1.11,0.2,1.84,Chhattisgarh
2020-05-02 00:00:00,1.19,0.29,1.94,Chhattisgarh
2020-05-03 00:00:00,1.14,0.27,1.89,Chhattisgarh
2020-05-04 00:00:00,1.59,0.72,2.34,Chhattisgarh
2020-03-19 00:00:00,0.0,0.0,10.81,Chandigarh
2020-03-20 00:00:00,0.4,0.0,8.73,Chandigarh
2020-03-21 00:00:00,0.46,0.0,7.1000000000000005,Chandigarh
2020-03-22 00:00:00,6.95,2.31,10.64,Chandigarh
2020-03-23 00:00:00,4.39,1.04,7.13,Chandigarh
2020-03-24 00:00:00,3.48,0.77,5.7,Chandigarh
2020-03-25 00:00:00,2.73,0.41,4.57,Chandigarh
2020-03-26 00:00:00,2.32,0.32,3.99,Chandigarh
2020-03-27 00:00:00,2.05,0.19,3.54,Chandigarh
2020-03-28 00:00:00,2.02,0.28,3.47,Chandigarh
2020-03-29 00:00:00,1.84,0.19,3.17,Chandigarh
2020-03-30 00:00:00,1.7,0.18,2.99,Chandigarh
2020-03-31 00:00:00,2.18,0.64,3.52,Chandigarh
2020-04-01 00:00:00,2.23,0.8,3.49,Chandigarh
2020-04-02 00:00:00,1.98,0.6,3.12,Chandigarh
2020-04-03 00:00:00,1.94,0.67,3.06,Chandigarh
2020-04-04 00:00:00,1.76,0.54,2.82,Chandigarh
2020-04-05 00:00:00,1.63,0.44,2.64,Chandigarh
2020-04-06 00:00:00,1.52,0.35000000000000003,2.49,Chandigarh
2020-04-07 00:00:00,1.43,0.28,2.37,Chandigarh
2020-04-08 00:00:00,1.36,0.26,2.3000000000000003,Chandigarh
2020-04-09 00:00:00,1.3,0.24,2.24,Chandigarh
2020-04-10 00:00:00,1.25,0.18,2.15,Chandigarh
2020-04-11 00:00:00,1.2,0.16,2.1,Chandigarh
2020-04-12 00:00:00,1.22,0.15,2.1,Chandigarh
2020-04-13 00:00:00,1.29,0.22,2.19,Chandigarh
2020-04-14 00:00:00,1.23,0.19,2.12,Chandigarh
2020-04-15 00:00:00,1.19,0.14,2.04,Chandigarh
2020-04-16 00:00:00,1.15,0.13,2.0,Chandigarh
2020-04-17 00:00:00,1.11,0.09,1.94,Chandigarh
2020-04-18 00:00:00,1.08,0.07,1.9,Chandigarh
2020-04-19 00:00:00,1.17,0.14,2.01,Chandigarh
2020-04-20 00:00:00,1.29,0.28,2.18,Chandigarh
2020-04-21 00:00:00,1.23,0.21,2.07,Chandigarh
2020-04-22 00:00:00,1.23,0.24,2.08,Chandigarh
2020-04-23 00:00:00,1.18,0.19,2.0,Chandigarh
2020-04-24 00:00:00,1.14,0.18,1.96,Chandigarh
2020-04-25 00:00:00,1.15,0.19,1.97,Chandigarh
2020-04-26 00:00:00,1.21,0.25,2.04,Chandigarh
2020-04-27 00:00:00,1.16,0.21,1.97,Chandigarh
2020-04-28 00:00:00,1.56,0.59,2.39,Chandigarh
2020-04-29 00:00:00,2.04,1.14,2.83,Chandigarh
2020-04-30 00:00:00,1.74,0.91,2.5,Chandigarh
2020-05-01 00:00:00,1.55,0.74,2.28,Chandigarh
2020-05-02 00:00:00,2.34,1.59,3.0500000000000003,Chandigarh
2020-05-03 00:00:00,2.04,1.32,2.68,Chandigarh
2020-05-04 00:00:00,1.7,1.0,2.31,Chandigarh
2020-03-20 00:00:00,0.0,0.0,10.81,Gujarat
2020-03-21 00:00:00,3.36,0.02,6.44,Gujarat
2020-03-22 00:00:00,6.15,3.64,8.290000000000001,Gujarat
2020-03-23 00:00:00,5.1000000000000005,3.4,6.57,Gujarat
2020-03-24 00:00:00,3.66,2.31,4.83,Gujarat
2020-03-25 00:00:00,3.06,1.92,4.07,Gujarat
2020-03-26 00:00:00,2.68,1.65,3.5700000000000003,Gujarat
2020-03-27 00:00:00,2.21,1.25,3.03,Gujarat
2020-03-28 00:00:00,1.98,1.1,2.79,Gujarat
2020-03-29 00:00:00,2.19,1.34,2.95,Gujarat
2020-03-30 00:00:00,2.2,1.38,2.9,Gujarat
2020-03-31 00:00:00,1.96,1.21,2.65,Gujarat
2020-04-01 00:00:00,1.91,1.18,2.57,Gujarat
2020-04-02 00:00:00,1.76,1.04,2.39,Gujarat
2020-04-03 00:00:00,1.71,1.03,2.34,Gujarat
2020-04-04 00:00:00,1.71,1.02,2.3000000000000003,Gujarat
2020-04-05 00:00:00,1.82,1.15,2.39,Gujarat
2020-04-06 00:00:00,1.95,1.33,2.51,Gujarat
2020-04-07 00:00:00,1.95,1.34,2.47,Gujarat
2020-04-08 00:00:00,1.58,1.0,2.09,Gujarat
2020-04-09 00:00:00,1.58,1.02,2.09,Gujarat
2020-04-10 00:00:00,2.23,1.7,2.72,Gujarat
2020-04-11 00:00:00,2.47,1.96,2.9,Gujarat
2020-04-12 00:00:00,2.96,2.52,3.36,Gujarat
2020-04-13 00:00:00,2.72,2.31,3.0700000000000003,Gujarat
2020-04-14 00:00:00,2.26,1.87,2.58,Gujarat
2020-04-15 00:00:00,2.0,1.63,2.31,Gujarat
2020-04-16 00:00:00,2.37,2.03,2.67,Gujarat
2020-04-17 00:00:00,2.2,1.86,2.46,Gujarat
2020-04-18 00:00:00,2.44,2.14,2.69,Gujarat
2020-04-19 00:00:00,2.58,2.31,2.81,Gujarat
2020-04-20 00:00:00,2.14,1.88,2.35,Gujarat
2020-04-21 00:00:00,1.85,1.6,2.05,Gujarat
2020-04-22 00:00:00,1.7,1.48,1.91,Gujarat
2020-04-23 00:00:00,1.46,1.24,1.66,Gujarat
2020-04-24 00:00:00,1.58,1.35,1.76,Gujarat
2020-04-25 00:00:00,1.51,1.28,1.68,Gujarat
2020-04-26 00:00:00,1.59,1.39,1.77,Gujarat
2020-04-27 00:00:00,1.52,1.32,1.69,Gujarat
2020-04-28 00:00:00,1.51,1.31,1.67,Gujarat
2020-04-29 00:00:00,1.44,1.25,1.6,Gujarat
2020-04-30 00:00:00,1.53,1.34,1.68,Gujarat
2020-05-01 00:00:00,1.52,1.33,1.66,Gujarat
2020-05-02 00:00:00,1.5,1.32,1.64,Gujarat
2020-05-03 00:00:00,1.48,1.31,1.62,Gujarat
2020-05-04 00:00:00,1.5,1.33,1.63,Gujarat
2020-03-21 00:00:00,0.0,0.0,10.81,Himachal Pradesh
2020-03-22 00:00:00,0.4,0.0,7.1000000000000005,Himachal Pradesh
2020-03-23 00:00:00,0.47,0.0,5.54,Himachal Pradesh
2020-03-24 00:00:00,2.08,0.0,5.3500000000000005,Himachal Pradesh
2020-03-25 00:00:00,1.7,0.0,4.54,Himachal Pradesh
2020-03-26 00:00:00,1.42,0.0,4.05,Himachal Pradesh
2020-03-27 00:00:00,1.23,0.0,3.72,Himachal Pradesh
2020-03-28 00:00:00,1.14,0.0,3.48,Himachal Pradesh
2020-03-29 00:00:00,1.09,0.0,3.29,Himachal Pradesh
2020-03-30 00:00:00,1.05,0.0,3.14,Himachal Pradesh
2020-03-31 00:00:00,1.01,0.0,3.02,Himachal Pradesh
2020-04-01 00:00:00,0.98,0.0,2.92,Himachal Pradesh
2020-04-02 00:00:00,0.96,0.0,2.84,Himachal Pradesh
2020-04-03 00:00:00,1.73,0.08,3.33,Himachal Pradesh
2020-04-04 00:00:00,1.6,0.04,3.08,Himachal Pradesh
2020-04-05 00:00:00,1.49,0.07,2.94,Himachal Pradesh
2020-04-06 00:00:00,2.46,0.75,3.94,Himachal Pradesh
2020-04-07 00:00:00,2.12,0.55,3.44,Himachal Pradesh
2020-04-08 00:00:00,2.38,0.94,3.63,Himachal Pradesh
2020-04-09 00:00:00,2.06,0.77,3.25,Himachal Pradesh
2020-04-10 00:00:00,2.5500000000000003,1.37,3.64,Himachal Pradesh
2020-04-11 00:00:00,2.16,1.04,3.14,Himachal Pradesh
2020-04-12 00:00:00,2.1,1.08,3.0500000000000003,Himachal Pradesh
2020-04-13 00:00:00,1.85,0.87,2.75,Himachal Pradesh
2020-04-14 00:00:00,1.67,0.6900000000000001,2.52,Himachal Pradesh
2020-04-15 00:00:00,1.58,0.63,2.42,Himachal Pradesh
2020-04-16 00:00:00,1.54,0.62,2.38,Himachal Pradesh
2020-04-17 00:00:00,1.43,0.54,2.27,Himachal Pradesh
2020-04-18 00:00:00,1.46,0.53,2.25,Himachal Pradesh
2020-04-19 00:00:00,1.4,0.51,2.2,Himachal Pradesh
2020-04-20 00:00:00,1.31,0.42,2.09,Himachal Pradesh
2020-04-21 00:00:00,1.24,0.34,2.0,Himachal Pradesh
2020-04-22 00:00:00,1.19,0.32,1.96,Himachal Pradesh
2020-04-23 00:00:00,1.18,0.29,1.93,Himachal Pradesh
2020-04-24 00:00:00,1.14,0.24,1.87,Himachal Pradesh
2020-04-25 00:00:00,1.11,0.25,1.86,Himachal Pradesh
2020-04-26 00:00:00,1.08,0.23,1.83,Himachal Pradesh
2020-04-27 00:00:00,1.05,0.17,1.77,Himachal Pradesh
2020-04-28 00:00:00,1.03,0.17,1.76,Himachal Pradesh
2020-04-29 00:00:00,1.02,0.17,1.75,Himachal Pradesh
2020-04-30 00:00:00,1.0,0.14,1.72,Himachal Pradesh
2020-05-01 00:00:00,0.99,0.16,1.73,Himachal Pradesh
2020-05-02 00:00:00,0.98,0.13,1.7,Himachal Pradesh
2020-05-03 00:00:00,0.98,0.12,1.69,Himachal Pradesh
2020-05-04 00:00:00,0.97,0.15,1.71,Himachal Pradesh
2020-03-21 00:00:00,0.0,0.0,10.81,Madhya Pradesh
2020-03-22 00:00:00,0.41,0.0,5.54,Madhya Pradesh
2020-03-23 00:00:00,2.56,0.03,5.25,Madhya Pradesh
2020-03-24 00:00:00,2.36,0.05,4.45,Madhya Pradesh
2020-03-25 00:00:00,3.75,1.51,5.69,Madhya Pradesh
2020-03-26 00:00:00,3.64,1.88,5.18,Madhya Pradesh
2020-03-27 00:00:00,2.74,1.26,4.08,Madhya Pradesh
2020-03-28 00:00:00,3.08,1.81,4.23,Madhya Pradesh
2020-03-29 00:00:00,2.46,1.3,3.47,Madhya Pradesh
2020-03-30 00:00:00,2.96,1.93,3.86,Madhya Pradesh
2020-03-31 00:00:00,2.36,1.42,3.18,Madhya Pradesh
2020-04-01 00:00:00,2.67,1.8,3.42,Madhya Pradesh
2020-04-02 00:00:00,3.09,2.32,3.77,Madhya Pradesh
2020-04-03 00:00:00,2.44,1.73,3.0500000000000003,Madhya Pradesh
2020-04-04 00:00:00,1.95,1.29,2.5500000000000003,Madhya Pradesh
2020-04-05 00:00:00,2.83,2.19,3.38,Madhya Pradesh
2020-04-06 00:00:00,2.07,1.49,2.59,Madhya Pradesh
2020-04-07 00:00:00,2.6,2.05,3.09,Madhya Pradesh
2020-04-08 00:00:00,1.88,1.36,2.34,Madhya Pradesh
2020-04-09 00:00:00,1.87,1.35,2.31,Madhya Pradesh
2020-04-10 00:00:00,1.48,0.97,1.91,Madhya Pradesh
2020-04-11 00:00:00,3.22,2.75,3.62,Madhya Pradesh
2020-04-12 00:00:00,2.9,2.5,3.25,Madhya Pradesh
2020-04-13 00:00:00,2.05,1.66,2.37,Madhya Pradesh
2020-04-14 00:00:00,2.22,1.85,2.53,Madhya Pradesh
2020-04-15 00:00:00,2.82,2.47,3.09,Madhya Pradesh
2020-04-16 00:00:00,2.17,1.86,2.43,Madhya Pradesh
2020-04-17 00:00:00,2.11,1.82,2.36,Madhya Pradesh
2020-04-18 00:00:00,1.49,1.2,1.73,Madhya Pradesh
2020-04-19 00:00:00,1.33,1.05,1.57,Madhya Pradesh
2020-04-20 00:00:00,1.36,1.1,1.61,Madhya Pradesh
2020-04-21 00:00:00,1.28,1.0,1.51,Madhya Pradesh
2020-04-22 00:00:00,1.25,0.97,1.47,Madhya Pradesh
2020-04-23 00:00:00,1.39,1.12,1.61,Madhya Pradesh
2020-04-24 00:00:00,1.56,1.32,1.79,Madhya Pradesh
2020-04-25 00:00:00,1.41,1.16,1.62,Madhya Pradesh
2020-04-26 00:00:00,1.48,1.23,1.68,Madhya Pradesh
2020-04-27 00:00:00,1.29,1.05,1.49,Madhya Pradesh
2020-04-28 00:00:00,1.55,1.31,1.74,Madhya Pradesh
2020-04-29 00:00:00,1.55,1.33,1.74,Madhya Pradesh
2020-04-30 00:00:00,1.32,1.09,1.5,Madhya Pradesh
2020-05-01 00:00:00,1.18,0.97,1.37,Madhya Pradesh
2020-05-02 00:00:00,1.03,0.8200000000000001,1.22,Madhya Pradesh
2020-05-03 00:00:00,1.27,1.04,1.44,Madhya Pradesh
2020-05-04 00:00:00,1.24,1.02,1.41,Madhya Pradesh
2020-03-22 00:00:00,0.0,0.0,10.81,Bihar
2020-03-23 00:00:00,0.4,0.0,7.1000000000000005,Bihar
2020-03-24 00:00:00,2.56,0.0,6.3100000000000005,Bihar
2020-03-25 00:00:00,2.76,0.0,5.54,Bihar
2020-03-26 00:00:00,3.17,0.29,5.48,Bihar
2020-03-27 00:00:00,2.46,0.16,4.42,Bihar
2020-03-28 00:00:00,2.86,0.6,4.69,Bihar
2020-03-29 00:00:00,2.72,0.77,4.39,Bihar
2020-03-30 00:00:00,2.85,1.11,4.32,Bihar
2020-03-31 00:00:00,2.37,0.85,3.72,Bihar
2020-04-01 00:00:00,2.78,1.41,3.98,Bihar
2020-04-02 00:00:00,2.39,1.15,3.48,Bihar
2020-04-03 00:00:00,2.37,1.24,3.38,Bihar
2020-04-04 00:00:00,2.1,1.07,3.0700000000000003,Bihar
2020-04-05 00:00:00,1.85,0.8300000000000001,2.75,Bihar
2020-04-06 00:00:00,1.77,0.77,2.63,Bihar
2020-04-07 00:00:00,1.61,0.65,2.46,Bihar
2020-04-08 00:00:00,1.73,0.79,2.56,Bihar
2020-04-09 00:00:00,1.61,0.7000000000000001,2.42,Bihar
2020-04-10 00:00:00,2.24,1.38,3.02,Bihar
2020-04-11 00:00:00,1.88,1.04,2.59,Bihar
2020-04-12 00:00:00,1.76,0.98,2.47,Bihar
2020-04-13 00:00:00,1.56,0.78,2.24,Bihar
2020-04-14 00:00:00,1.47,0.7000000000000001,2.14,Bihar
2020-04-15 00:00:00,1.45,0.72,2.14,Bihar
2020-04-16 00:00:00,1.43,0.71,2.11,Bihar
2020-04-17 00:00:00,1.54,0.8,2.18,Bihar
2020-04-18 00:00:00,1.43,0.7000000000000001,2.05,Bihar
2020-04-19 00:00:00,1.33,0.62,1.95,Bihar
2020-04-20 00:00:00,1.46,0.77,2.08,Bihar
2020-04-21 00:00:00,1.7,1.04,2.31,Bihar
2020-04-22 00:00:00,1.7,1.06,2.28,Bihar
2020-04-23 00:00:00,1.86,1.24,2.41,Bihar
2020-04-24 00:00:00,2.0,1.42,2.53,Bihar
2020-04-25 00:00:00,2.36,1.8,2.84,Bihar
2020-04-26 00:00:00,2.04,1.54,2.51,Bihar
2020-04-27 00:00:00,1.88,1.37,2.31,Bihar
2020-04-28 00:00:00,2.21,1.74,2.63,Bihar
2020-04-29 00:00:00,1.95,1.51,2.35,Bihar
2020-04-30 00:00:00,1.64,1.2,2.02,Bihar
2020-05-01 00:00:00,1.51,1.1,1.9,Bihar
2020-05-02 00:00:00,1.61,1.18,1.97,Bihar
2020-05-03 00:00:00,1.37,0.95,1.72,Bihar
2020-05-04 00:00:00,1.43,1.02,1.78,Bihar
2020-03-24 00:00:00,0.0,0.0,10.81,Manipur
2020-03-25 00:00:00,0.4,0.0,8.73,Manipur
2020-03-26 00:00:00,0.46,0.0,7.1000000000000005,Manipur
2020-03-27 00:00:00,0.51,0.0,6.15,Manipur
2020-03-28 00:00:00,0.55,0.0,5.55,Manipur
2020-03-29 00:00:00,0.58,0.0,5.11,Manipur
2020-03-30 00:00:00,0.6,0.0,4.79,Manipur
2020-03-31 00:00:00,0.62,0.0,4.53,Manipur
2020-04-01 00:00:00,0.64,0.0,4.33,Manipur
2020-04-02 00:00:00,0.66,0.0,4.16,Manipur
2020-04-03 00:00:00,1.43,0.0,4.41,Manipur
2020-04-04 00:00:00,1.32,0.0,4.1,Manipur
2020-04-05 00:00:00,1.25,0.0,3.86,Manipur
2020-04-06 00:00:00,1.2,0.0,3.67,Manipur
2020-04-07 00:00:00,1.16,0.0,3.52,Manipur
2020-04-08 00:00:00,1.11,0.0,3.39,Manipur
2020-04-09 00:00:00,1.07,0.0,3.28,Manipur
2020-04-10 00:00:00,1.03,0.0,3.18,Manipur
2020-04-11 00:00:00,1.0,0.0,3.1,Manipur
2020-04-12 00:00:00,0.96,0.0,3.03,Manipur
2020-04-13 00:00:00,0.93,0.0,2.97,Manipur
2020-04-14 00:00:00,0.9,0.0,2.92,Manipur
2020-04-15 00:00:00,0.87,0.0,2.87,Manipur
2020-04-16 00:00:00,0.85,0.0,2.82,Manipur
2020-04-17 00:00:00,0.8200000000000001,0.0,2.79,Manipur
2020-04-18 00:00:00,0.8,0.0,2.75,Manipur
2020-04-19 00:00:00,0.78,0.0,2.72,Manipur
2020-04-20 00:00:00,0.77,0.0,2.69,Manipur
2020-04-21 00:00:00,0.75,0.0,2.67,Manipur
2020-04-22 00:00:00,0.74,0.0,2.64,Manipur
2020-04-23 00:00:00,0.72,0.0,2.62,Manipur
2020-04-24 00:00:00,0.71,0.0,2.6,Manipur
2020-04-25 00:00:00,0.7000000000000001,0.0,2.58,Manipur
2020-04-26 00:00:00,0.7000000000000001,0.0,2.57,Manipur
2020-04-27 00:00:00,0.6900000000000001,0.0,2.5500000000000003,Manipur
2020-04-28 00:00:00,0.68,0.0,2.54,Manipur
2020-04-29 00:00:00,0.67,0.0,2.52,Manipur
2020-04-30 00:00:00,0.67,0.0,2.51,Manipur
2020-05-01 00:00:00,0.66,0.0,2.5,Manipur
2020-05-02 00:00:00,0.66,0.0,2.49,Manipur
2020-05-03 00:00:00,0.65,0.0,2.48,Manipur
2020-05-04 00:00:00,0.65,0.0,2.47,Manipur
2020-03-25 00:00:00,0.0,0.0,10.81,Mizoram
2020-03-26 00:00:00,0.4,0.0,8.73,Mizoram
2020-03-27 00:00:00,0.46,0.0,7.1000000000000005,Mizoram
2020-03-28 00:00:00,0.51,0.0,6.15,Mizoram
2020-03-29 00:00:00,0.55,0.0,5.55,Mizoram
2020-03-30 00:00:00,0.58,0.0,5.11,Mizoram
2020-03-31 00:00:00,0.6,0.0,4.79,Mizoram
2020-04-01 00:00:00,0.62,0.0,4.53,Mizoram
2020-04-02 00:00:00,0.64,0.0,4.33,Mizoram
2020-04-03 00:00:00,0.66,0.0,4.16,Mizoram
2020-04-04 00:00:00,0.67,0.0,4.01,Mizoram
2020-04-05 00:00:00,0.68,0.0,3.88,Mizoram
2020-04-06 00:00:00,0.68,0.0,3.78,Mizoram
2020-04-07 00:00:00,0.6900000000000001,0.0,3.68,Mizoram
2020-04-08 00:00:00,0.6900000000000001,0.0,3.6,Mizoram
2020-04-09 00:00:00,0.6900000000000001,0.0,3.52,Mizoram
2020-04-10 00:00:00,0.6900000000000001,0.0,3.45,Mizoram
2020-04-11 00:00:00,0.6900000000000001,0.0,3.39,Mizoram
2020-04-12 00:00:00,0.6900000000000001,0.0,3.34,Mizoram
2020-04-13 00:00:00,0.6900000000000001,0.0,3.29,Mizoram
2020-04-14 00:00:00,0.6900000000000001,0.0,3.25,Mizoram
2020-04-15 00:00:00,0.68,0.0,3.2,Mizoram
2020-04-16 00:00:00,0.68,0.0,3.17,Mizoram
2020-04-17 00:00:00,0.68,0.0,3.13,Mizoram
2020-04-18 00:00:00,0.67,0.0,3.1,Mizoram
2020-04-19 00:00:00,0.67,0.0,3.0700000000000003,Mizoram
2020-04-20 00:00:00,0.67,0.0,3.0500000000000003,Mizoram
2020-04-21 00:00:00,0.66,0.0,3.02,Mizoram
2020-04-22 00:00:00,0.66,0.0,3.0,Mizoram
2020-04-23 00:00:00,0.66,0.0,2.98,Mizoram
2020-04-24 00:00:00,0.65,0.0,2.96,Mizoram
2020-04-25 00:00:00,0.65,0.0,2.94,Mizoram
2020-04-26 00:00:00,0.65,0.0,2.92,Mizoram
2020-04-27 00:00:00,0.64,0.0,2.91,Mizoram
2020-04-28 00:00:00,0.64,0.0,2.89,Mizoram
2020-04-29 00:00:00,0.64,0.0,2.88,Mizoram
2020-04-30 00:00:00,0.64,0.0,2.87,Mizoram
2020-05-01 00:00:00,0.63,0.0,2.85,Mizoram
2020-05-02 00:00:00,0.63,0.0,2.84,Mizoram
2020-05-03 00:00:00,0.63,0.0,2.83,Mizoram
2020-05-04 00:00:00,0.63,0.0,2.82,Mizoram
2020-03-26 00:00:00,0.0,0.0,10.81,Andaman and Nicobar Islands
2020-03-27 00:00:00,0.4,0.0,8.73,Andaman and Nicobar Islands
2020-03-28 00:00:00,9.78,5.4,12.0,Andaman and Nicobar Islands
2020-03-29 00:00:00,5.84,2.71,8.5,Andaman and Nicobar Islands
2020-03-30 00:00:00,3.68,1.22,5.78,Andaman and Nicobar Islands
2020-03-31 00:00:00,3.0500000000000003,0.93,4.82,Andaman and Nicobar Islands
2020-04-01 00:00:00,2.51,0.62,4.0600000000000005,Andaman and Nicobar Islands
2020-04-02 00:00:00,2.18,0.47,3.6,Andaman and Nicobar Islands
2020-04-03 00:00:00,1.96,0.35000000000000003,3.26,Andaman and Nicobar Islands
2020-04-04 00:00:00,1.79,0.29,3.03,Andaman and Nicobar Islands
2020-04-05 00:00:00,1.67,0.23,2.84,Andaman and Nicobar Islands
2020-04-06 00:00:00,1.56,0.17,2.68,Andaman and Nicobar Islands
2020-04-07 00:00:00,1.48,0.16,2.58,Andaman and Nicobar Islands
2020-04-08 00:00:00,1.4,0.13,2.48,Andaman and Nicobar Islands
2020-04-09 00:00:00,1.43,0.18,2.52,Andaman and Nicobar Islands
2020-04-10 00:00:00,1.36,0.12,2.4,Andaman and Nicobar Islands
2020-04-11 00:00:00,1.3,0.14,2.36,Andaman and Nicobar Islands
2020-04-12 00:00:00,1.25,0.06,2.24,Andaman and Nicobar Islands
2020-04-13 00:00:00,1.2,0.05,2.19,Andaman and Nicobar Islands
2020-04-14 00:00:00,1.16,0.06,2.16,Andaman and Nicobar Islands
2020-04-15 00:00:00,1.12,0.04,2.11,Andaman and Nicobar Islands
2020-04-16 00:00:00,1.08,0.06,2.1,Andaman and Nicobar Islands
2020-04-17 00:00:00,1.05,0.01,2.03,Andaman and Nicobar Islands
2020-04-18 00:00:00,1.11,0.03,2.09,Andaman and Nicobar Islands
2020-04-19 00:00:00,1.25,0.11,2.24,Andaman and Nicobar Islands
2020-04-20 00:00:00,1.27,0.11,2.24,Andaman and Nicobar Islands
2020-04-21 00:00:00,1.29,0.17,2.28,Andaman and Nicobar Islands
2020-04-22 00:00:00,1.31,0.21,2.3000000000000003,Andaman and Nicobar Islands
2020-04-23 00:00:00,1.32,0.21,2.28,Andaman and Nicobar Islands
2020-04-24 00:00:00,1.51,0.35000000000000003,2.46,Andaman and Nicobar Islands
2020-04-25 00:00:00,1.69,0.6,2.66,Andaman and Nicobar Islands
2020-04-26 00:00:00,1.85,0.8200000000000001,2.78,Andaman and Nicobar Islands
2020-04-27 00:00:00,1.65,0.68,2.5500000000000003,Andaman and Nicobar Islands
2020-04-28 00:00:00,1.51,0.54,2.36,Andaman and Nicobar Islands
2020-04-29 00:00:00,1.41,0.46,2.24,Andaman and Nicobar Islands
2020-04-30 00:00:00,1.32,0.41,2.16,Andaman and Nicobar Islands
2020-05-01 00:00:00,1.26,0.34,2.07,Andaman and Nicobar Islands
2020-05-02 00:00:00,1.2,0.26,1.98,Andaman and Nicobar Islands
2020-05-03 00:00:00,1.16,0.24,1.94,Andaman and Nicobar Islands
2020-05-04 00:00:00,1.12,0.19,1.88,Andaman and Nicobar Islands
2020-03-26 00:00:00,0.0,0.0,10.81,Goa
2020-03-27 00:00:00,0.41,0.0,6.15,Goa
2020-03-28 00:00:00,0.48,0.0,4.7700000000000005,Goa
2020-03-29 00:00:00,2.41,0.01,4.98,Goa
2020-03-30 00:00:00,1.92,0.0,4.11,Goa
2020-03-31 00:00:00,1.66,0.0,3.63,Goa
2020-04-01 00:00:00,1.48,0.0,3.31,Goa
2020-04-02 00:00:00,1.36,0.0,3.09,Goa
2020-04-03 00:00:00,1.53,0.03,3.1,Goa
2020-04-04 00:00:00,1.62,0.07,3.09,Goa
2020-04-05 00:00:00,1.5,0.03,2.87,Goa
2020-04-06 00:00:00,1.41,0.02,2.72,Goa
2020-04-07 00:00:00,1.34,0.0,2.59,Goa
2020-04-08 00:00:00,1.27,0.0,2.5,Goa
2020-04-09 00:00:00,1.22,0.03,2.45,Goa
2020-04-10 00:00:00,1.17,0.01,2.37,Goa
2020-04-11 00:00:00,1.13,0.0,2.31,Goa
2020-04-12 00:00:00,1.09,0.0,2.27,Goa
2020-04-13 00:00:00,1.05,0.0,2.23,Goa
2020-04-14 00:00:00,1.02,0.0,2.2,Goa
2020-04-15 00:00:00,0.99,0.0,2.17,Goa
2020-04-16 00:00:00,0.96,0.0,2.14,Goa
2020-04-17 00:00:00,0.93,0.0,2.12,Goa
2020-04-18 00:00:00,0.91,0.0,2.1,Goa
2020-04-19 00:00:00,0.89,0.0,2.09,Goa
2020-04-20 00:00:00,0.87,0.0,2.07,Goa
2020-04-21 00:00:00,0.85,0.0,2.06,Goa
2020-04-22 00:00:00,0.8300000000000001,0.0,2.05,Goa
2020-04-23 00:00:00,0.8200000000000001,0.0,2.03,Goa
2020-04-24 00:00:00,0.81,0.0,2.03,Goa
2020-04-25 00:00:00,0.8,0.0,2.02,Goa
2020-04-26 00:00:00,0.79,0.0,2.01,Goa
2020-04-27 00:00:00,0.78,0.0,2.0,Goa
2020-04-28 00:00:00,0.77,0.0,2.0,Goa
2020-04-29 00:00:00,0.76,0.0,1.99,Goa
2020-04-30 00:00:00,0.75,0.0,1.99,Goa
2020-05-01 00:00:00,0.75,0.0,1.98,Goa
2020-05-02 00:00:00,0.74,0.0,1.98,Goa
2020-05-03 00:00:00,0.74,0.0,1.97,Goa
2020-05-04 00:00:00,0.74,0.0,1.97,Goa
2020-04-01 00:00:00,0.0,0.0,10.81,Assam
2020-04-02 00:00:00,11.63,5.91,12.0,Assam
2020-04-03 00:00:00,9.77,7.38,11.8,Assam
2020-04-04 00:00:00,5.99,4.12,7.58,Assam
2020-04-05 00:00:00,3.98,2.53,5.3,Assam
2020-04-06 00:00:00,2.98,1.69,4.11,Assam
2020-04-07 00:00:00,2.45,1.28,3.49,Assam
2020-04-08 00:00:00,2.17,1.1,3.17,Assam
2020-04-09 00:00:00,1.97,0.92,2.9,Assam
2020-04-10 00:00:00,1.82,0.8200000000000001,2.73,Assam
2020-04-11 00:00:00,1.65,0.65,2.52,Assam
2020-04-12 00:00:00,1.53,0.59,2.42,Assam
2020-04-13 00:00:00,1.51,0.5700000000000001,2.38,Assam
2020-04-14 00:00:00,1.41,0.45,2.24,Assam
2020-04-15 00:00:00,1.42,0.49,2.26,Assam
2020-04-16 00:00:00,1.33,0.39,2.14,Assam
2020-04-17 00:00:00,1.34,0.41,2.15,Assam
2020-04-18 00:00:00,1.27,0.33,2.05,Assam
2020-04-19 00:00:00,1.21,0.29,1.99,Assam
2020-04-20 00:00:00,1.17,0.27,1.95,Assam
2020-04-21 00:00:00,1.13,0.22,1.89,Assam
2020-04-22 00:00:00,1.1,0.18,1.84,Assam
2020-04-23 00:00:00,1.07,0.16,1.81,Assam
2020-04-24 00:00:00,1.09,0.21,1.86,Assam
2020-04-25 00:00:00,1.06,0.17,1.81,Assam
2020-04-26 00:00:00,1.04,0.15,1.78,Assam
2020-04-27 00:00:00,1.02,0.15,1.77,Assam
2020-04-28 00:00:00,1.09,0.18,1.83,Assam
2020-04-29 00:00:00,1.06,0.18,1.81,Assam
2020-04-30 00:00:00,1.2,0.31,1.97,Assam
2020-05-01 00:00:00,1.15,0.28,1.91,Assam
2020-05-02 00:00:00,1.15,0.28,1.9,Assam
2020-05-03 00:00:00,1.11,0.25,1.85,Assam
2020-05-04 00:00:00,1.08,0.21,1.8,Assam
2020-04-01 00:00:00,0.0,0.0,10.81,Jharkhand
2020-04-02 00:00:00,0.4,0.0,8.73,Jharkhand
2020-04-03 00:00:00,3.84,0.0,8.31,Jharkhand
2020-04-04 00:00:00,2.56,0.0,6.3100000000000005,Jharkhand
2020-04-05 00:00:00,3.0100000000000002,0.07,5.99,Jharkhand
2020-04-06 00:00:00,3.0100000000000002,0.14,5.5,Jharkhand
2020-04-07 00:00:00,2.44,0.1,4.64,Jharkhand
2020-04-08 00:00:00,2.1,0.04,4.08,Jharkhand
2020-04-09 00:00:00,4.24,2.02,6.16,Jharkhand
2020-04-10 00:00:00,3.1,1.24,4.73,Jharkhand
2020-04-11 00:00:00,3.0300000000000002,1.42,4.45,Jharkhand
2020-04-12 00:00:00,2.49,1.02,3.75,Jharkhand
2020-04-13 00:00:00,2.32,0.98,3.49,Jharkhand
2020-04-14 00:00:00,2.39,1.17,3.48,Jharkhand
2020-04-15 00:00:00,2.2600000000000002,1.1400000000000001,3.2800000000000002,Jharkhand
2020-04-16 00:00:00,2.0300000000000002,0.97,2.99,Jharkhand
2020-04-17 00:00:00,1.86,0.8300000000000001,2.77,Jharkhand
2020-04-18 00:00:00,1.87,0.88,2.75,Jharkhand
2020-04-19 00:00:00,1.76,0.8,2.61,Jharkhand
2020-04-20 00:00:00,1.8800000000000001,0.98,2.72,Jharkhand
2020-04-21 00:00:00,1.82,0.92,2.6,Jharkhand
2020-04-22 00:00:00,1.59,0.72,2.35,Jharkhand
2020-04-23 00:00:00,1.59,0.74,2.34,Jharkhand
2020-04-24 00:00:00,1.6400000000000001,0.8300000000000001,2.39,Jharkhand
2020-04-25 00:00:00,1.6,0.81,2.33,Jharkhand
2020-04-26 00:00:00,1.68,0.9,2.38,Jharkhand
2020-04-27 00:00:00,1.9000000000000001,1.16,2.58,Jharkhand
2020-04-28 00:00:00,2.13,1.44,2.7800000000000002,Jharkhand
2020-04-29 00:00:00,1.79,1.1,2.38,Jharkhand
2020-04-30 00:00:00,1.57,0.91,2.16,Jharkhand
2020-05-01 00:00:00,1.47,0.8300000000000001,2.06,Jharkhand
2020-05-02 00:00:00,1.32,0.68,1.9000000000000001,Jharkhand
2020-05-03 00:00:00,1.3,0.64,1.86,Jharkhand
2020-05-04 00:00:00,1.2,0.5700000000000001,1.78,Jharkhand
2020-04-03 00:00:00,0.0,0.0,10.81,Arunachal Pradesh
2020-04-04 00:00:00,0.4,0.0,8.73,Arunachal Pradesh
2020-04-05 00:00:00,0.46,0.0,7.1000000000000005,Arunachal Pradesh
2020-04-06 00:00:00,0.51,0.0,6.15,Arunachal Pradesh
2020-04-07 00:00:00,0.55,0.0,5.55,Arunachal Pradesh
2020-04-08 00:00:00,0.58,0.0,5.11,Arunachal Pradesh
2020-04-09 00:00:00,0.6,0.0,4.79,Arunachal Pradesh
2020-04-10 00:00:00,0.62,0.0,4.53,Arunachal Pradesh
2020-04-11 00:00:00,0.64,0.0,4.33,Arunachal Pradesh
2020-04-12 00:00:00,0.66,0.0,4.16,Arunachal Pradesh
2020-04-13 00:00:00,0.67,0.0,4.01,Arunachal Pradesh
2020-04-14 00:00:00,0.68,0.0,3.88,Arunachal Pradesh
2020-04-15 00:00:00,0.68,0.0,3.7800000000000002,Arunachal Pradesh
2020-04-16 00:00:00,0.6900000000000001,0.0,3.68,Arunachal Pradesh
2020-04-17 00:00:00,0.6900000000000001,0.0,3.6,Arunachal Pradesh
2020-04-18 00:00:00,0.6900000000000001,0.0,3.52,Arunachal Pradesh
2020-04-19 00:00:00,0.6900000000000001,0.0,3.45,Arunachal Pradesh
2020-04-20 00:00:00,0.6900000000000001,0.0,3.39,Arunachal Pradesh
2020-04-21 00:00:00,0.6900000000000001,0.0,3.34,Arunachal Pradesh
2020-04-22 00:00:00,0.6900000000000001,0.0,3.29,Arunachal Pradesh
2020-04-23 00:00:00,0.6900000000000001,0.0,3.25,Arunachal Pradesh
2020-04-24 00:00:00,0.68,0.0,3.2,Arunachal Pradesh
2020-04-25 00:00:00,0.68,0.0,3.17,Arunachal Pradesh
2020-04-26 00:00:00,0.68,0.0,3.13,Arunachal Pradesh
2020-04-27 00:00:00,0.67,0.0,3.1,Arunachal Pradesh
2020-04-28 00:00:00,0.67,0.0,3.0700000000000003,Arunachal Pradesh
2020-04-29 00:00:00,0.67,0.0,3.0500000000000003,Arunachal Pradesh
2020-04-30 00:00:00,0.66,0.0,3.02,Arunachal Pradesh
2020-05-01 00:00:00,0.66,0.0,3.0,Arunachal Pradesh
2020-05-02 00:00:00,0.66,0.0,2.98,Arunachal Pradesh
2020-05-03 00:00:00,0.65,0.0,2.96,Arunachal Pradesh
2020-05-04 00:00:00,0.65,0.0,2.94,Arunachal Pradesh
2020-04-07 00:00:00,0.0,0.0,10.81,Tripura
2020-04-08 00:00:00,0.4,0.0,8.73,Tripura
2020-04-09 00:00:00,0.46,0.0,7.1000000000000005,Tripura
2020-04-10 00:00:00,0.51,0.0,6.15,Tripura
2020-04-11 00:00:00,2.56,0.0,6.33,Tripura
2020-04-12 00:00:00,2.06,0.0,5.3500000000000005,Tripura
2020-04-13 00:00:00,1.73,0.0,4.76,Tripura
2020-04-14 00:00:00,1.47,0.0,4.36,Tripura
2020-04-15 00:00:00,1.31,0.0,4.0600000000000005,Tripura
2020-04-16 00:00:00,1.22,0.0,3.83,Tripura
2020-04-17 00:00:00,1.1500000000000001,0.0,3.65,Tripura
2020-04-18 00:00:00,1.1,0.0,3.49,Tripura
2020-04-19 00:00:00,1.06,0.0,3.37,Tripura
2020-04-20 00:00:00,1.02,0.0,3.2600000000000002,Tripura
2020-04-21 00:00:00,0.99,0.0,3.17,Tripura
2020-04-22 00:00:00,0.96,0.0,3.09,Tripura
2020-04-23 00:00:00,0.93,0.0,3.02,Tripura
2020-04-24 00:00:00,0.9,0.0,2.96,Tripura
2020-04-25 00:00:00,0.87,0.0,2.91,Tripura
2020-04-26 00:00:00,0.85,0.0,2.86,Tripura
2020-04-27 00:00:00,0.8300000000000001,0.0,2.82,Tripura
2020-04-28 00:00:00,0.81,0.0,2.7800000000000002,Tripura
2020-04-29 00:00:00,0.79,0.0,2.75,Tripura
2020-04-30 00:00:00,0.77,0.0,2.71,Tripura
2020-05-01 00:00:00,0.75,0.0,2.69,Tripura
2020-05-02 00:00:00,0.74,0.0,2.66,Tripura
2020-05-03 00:00:00,1.31,0.0,2.96,Tripura
2020-05-04 00:00:00,3.46,1.6,5.1000000000000005,Tripura
2020-04-13 00:00:00,0.0,0.0,10.81,Nagaland
2020-04-14 00:00:00,0.4,0.0,8.73,Nagaland
2020-04-15 00:00:00,0.41000000000000003,0.0,5.94,Nagaland
2020-04-16 00:00:00,0.45,0.0,5.95,Nagaland
2020-04-17 00:00:00,0.48,0.0,5.96,Nagaland
2020-04-18 00:00:00,0.5,0.0,5.97,Nagaland
2020-04-19 00:00:00,0.52,0.0,5.99,Nagaland
2020-04-20 00:00:00,0.53,0.0,6.0,Nagaland
2020-04-21 00:00:00,0.54,0.0,6.01,Nagaland
2020-04-14 00:00:00,0.0,0.0,10.81,Meghalaya
2020-04-15 00:00:00,11.700000000000001,7.98,12.0,Meghalaya
2020-04-16 00:00:00,4.91,1.58,7.63,Meghalaya
2020-04-17 00:00:00,3.98,1.36,6.140000000000001,Meghalaya
2020-04-18 00:00:00,3.41,1.26,5.24,Meghalaya
2020-04-19 00:00:00,2.71,0.8300000000000001,4.3,Meghalaya
2020-04-20 00:00:00,2.31,0.59,3.73,Meghalaya
2020-04-21 00:00:00,2.05,0.48,3.38,Meghalaya
2020-04-22 00:00:00,1.97,0.47000000000000003,3.22,Meghalaya
2020-04-23 00:00:00,1.8,0.39,2.99,Meghalaya
2020-04-24 00:00:00,1.67,0.29,2.7800000000000002,Meghalaya
2020-04-25 00:00:00,1.56,0.22,2.62,Meghalaya
2020-04-26 00:00:00,1.47,0.2,2.52,Meghalaya
2020-04-27 00:00:00,1.4000000000000001,0.15,2.41,Meghalaya
2020-04-28 00:00:00,1.34,0.17,2.37,Meghalaya
2020-04-29 00:00:00,1.28,0.1,2.2600000000000002,Meghalaya
2020-04-30 00:00:00,1.23,0.08,2.2,Meghalaya
2020-05-01 00:00:00,1.19,0.09,2.17,Meghalaya
2020-05-02 00:00:00,1.1400000000000001,0.07,2.12,Meghalaya
2020-05-03 00:00:00,1.11,0.02,2.05,Meghalaya
2020-05-04 00:00:00,1.07,0.04,2.04,Meghalaya
